-- MySQL dump 10.13  Distrib 8.0.29, for Win64 (x86_64)
--
-- Host: localhost    Database: mydb
-- ------------------------------------------------------
-- Server version	8.0.29

/*!40101 SET @OLD_CHARACTER_SET_CLIENT=@@CHARACTER_SET_CLIENT */;
/*!40101 SET @OLD_CHARACTER_SET_RESULTS=@@CHARACTER_SET_RESULTS */;
/*!40101 SET @OLD_COLLATION_CONNECTION=@@COLLATION_CONNECTION */;
/*!50503 SET NAMES utf8 */;
/*!40103 SET @OLD_TIME_ZONE=@@TIME_ZONE */;
/*!40103 SET TIME_ZONE='+00:00' */;
/*!40014 SET @OLD_UNIQUE_CHECKS=@@UNIQUE_CHECKS, UNIQUE_CHECKS=0 */;
/*!40014 SET @OLD_FOREIGN_KEY_CHECKS=@@FOREIGN_KEY_CHECKS, FOREIGN_KEY_CHECKS=0 */;
/*!40101 SET @OLD_SQL_MODE=@@SQL_MODE, SQL_MODE='NO_AUTO_VALUE_ON_ZERO' */;
/*!40111 SET @OLD_SQL_NOTES=@@SQL_NOTES, SQL_NOTES=0 */;

--
-- Table structure for table `blogpost`
--

DROP TABLE IF EXISTS `blogpost`;
/*!40101 SET @saved_cs_client     = @@character_set_client */;
/*!50503 SET character_set_client = utf8mb4 */;
CREATE TABLE `blogpost` (
  `id` int NOT NULL AUTO_INCREMENT,
  `title` varchar(45) NOT NULL,
  `text` longtext NOT NULL,
  `user_id` int NOT NULL,
  PRIMARY KEY (`id`),
  KEY `fk_blogpost_user1_idx` (`user_id`),
  CONSTRAINT `fk_blogpost_user1` FOREIGN KEY (`user_id`) REFERENCES `user` (`id`) ON DELETE CASCADE ON UPDATE CASCADE
) ENGINE=InnoDB DEFAULT CHARSET=utf8mb3;
/*!40101 SET character_set_client = @saved_cs_client */;

--
-- Dumping data for table `blogpost`
--

LOCK TABLES `blogpost` WRITE;
/*!40000 ALTER TABLE `blogpost` DISABLE KEYS */;
/*!40000 ALTER TABLE `blogpost` ENABLE KEYS */;
UNLOCK TABLES;

--
-- Table structure for table `brand`
--

DROP TABLE IF EXISTS `brand`;
/*!40101 SET @saved_cs_client     = @@character_set_client */;
/*!50503 SET character_set_client = utf8mb4 */;
CREATE TABLE `brand` (
  `id` int NOT NULL AUTO_INCREMENT,
  `name` varchar(45) NOT NULL,
  PRIMARY KEY (`id`)
) ENGINE=InnoDB AUTO_INCREMENT=12 DEFAULT CHARSET=utf8mb3;
/*!40101 SET character_set_client = @saved_cs_client */;

--
-- Dumping data for table `brand`
--

LOCK TABLES `brand` WRITE;
/*!40000 ALTER TABLE `brand` DISABLE KEYS */;
INSERT INTO `brand` VALUES (6,'Samsung'),(7,'Seagate'),(8,'WD'),(9,'Nvidia'),(10,'AMD'),(11,'Intel');
/*!40000 ALTER TABLE `brand` ENABLE KEYS */;
UNLOCK TABLES;

--
-- Table structure for table `cart`
--

DROP TABLE IF EXISTS `cart`;
/*!40101 SET @saved_cs_client     = @@character_set_client */;
/*!50503 SET character_set_client = utf8mb4 */;
CREATE TABLE `cart` (
  `id` int NOT NULL AUTO_INCREMENT,
  `user_id` int NOT NULL,
  PRIMARY KEY (`id`),
  KEY `fk_cart_user1_idx` (`user_id`),
  CONSTRAINT `fk_cart_user1` FOREIGN KEY (`user_id`) REFERENCES `user` (`id`) ON DELETE CASCADE ON UPDATE CASCADE
) ENGINE=InnoDB AUTO_INCREMENT=2 DEFAULT CHARSET=utf8mb3;
/*!40101 SET character_set_client = @saved_cs_client */;

--
-- Dumping data for table `cart`
--

LOCK TABLES `cart` WRITE;
/*!40000 ALTER TABLE `cart` DISABLE KEYS */;
INSERT INTO `cart` VALUES (1,2);
/*!40000 ALTER TABLE `cart` ENABLE KEYS */;
UNLOCK TABLES;

--
-- Table structure for table `cart_has_products`
--

DROP TABLE IF EXISTS `cart_has_products`;
/*!40101 SET @saved_cs_client     = @@character_set_client */;
/*!50503 SET character_set_client = utf8mb4 */;
CREATE TABLE `cart_has_products` (
  `cart_id` int NOT NULL,
  `products_id` int NOT NULL,
  `quantity` int NOT NULL,
  PRIMARY KEY (`cart_id`,`products_id`),
  KEY `fk_cart_has_products_products1_idx` (`products_id`),
  KEY `fk_cart_has_products_cart1_idx` (`cart_id`),
  CONSTRAINT `fk_cart_has_products_cart1` FOREIGN KEY (`cart_id`) REFERENCES `cart` (`id`) ON DELETE CASCADE ON UPDATE CASCADE,
  CONSTRAINT `fk_cart_has_products_products1` FOREIGN KEY (`products_id`) REFERENCES `products` (`id`) ON DELETE CASCADE ON UPDATE CASCADE
) ENGINE=InnoDB DEFAULT CHARSET=utf8mb3;
/*!40101 SET character_set_client = @saved_cs_client */;

--
-- Dumping data for table `cart_has_products`
--

LOCK TABLES `cart_has_products` WRITE;
/*!40000 ALTER TABLE `cart_has_products` DISABLE KEYS */;
/*!40000 ALTER TABLE `cart_has_products` ENABLE KEYS */;
UNLOCK TABLES;

--
-- Table structure for table `category`
--

DROP TABLE IF EXISTS `category`;
/*!40101 SET @saved_cs_client     = @@character_set_client */;
/*!50503 SET character_set_client = utf8mb4 */;
CREATE TABLE `category` (
  `id` int NOT NULL AUTO_INCREMENT,
  `name` varchar(45) NOT NULL,
  PRIMARY KEY (`id`)
) ENGINE=InnoDB AUTO_INCREMENT=4 DEFAULT CHARSET=utf8mb3;
/*!40101 SET character_set_client = @saved_cs_client */;

--
-- Dumping data for table `category`
--

LOCK TABLES `category` WRITE;
/*!40000 ALTER TABLE `category` DISABLE KEYS */;
INSERT INTO `category` VALUES (1,'hard disk'),(2,'video card'),(3,'CPU');
/*!40000 ALTER TABLE `category` ENABLE KEYS */;
UNLOCK TABLES;

--
-- Table structure for table `image`
--

DROP TABLE IF EXISTS `image`;
/*!40101 SET @saved_cs_client     = @@character_set_client */;
/*!50503 SET character_set_client = utf8mb4 */;
CREATE TABLE `image` (
  `id` int NOT NULL AUTO_INCREMENT,
  `path` varchar(100) NOT NULL,
  PRIMARY KEY (`id`)
) ENGINE=InnoDB AUTO_INCREMENT=124 DEFAULT CHARSET=utf8mb3;
/*!40101 SET character_set_client = @saved_cs_client */;

--
-- Dumping data for table `image`
--

LOCK TABLES `image` WRITE;
/*!40000 ALTER TABLE `image` DISABLE KEYS */;
INSERT INTO `image` VALUES (46,'dtml/img/1/1-Image64affaaabedf4.jpg'),(47,'dtml/img/1/1-Image64affaab5ea20.jpg'),(48,'dtml/img/1/1-Image64affaab5f4d9.jpg'),(49,'dtml/img/1/1-Image64affaab5ffba.jpg'),(50,'dtml/img/1/1-Image64affbe7b4189.jpg'),(51,'dtml/img/1/1-Image64affbe7b8e6b.jpg'),(52,'dtml/img/1/1-Image64affbe7bf26d.jpg'),(53,'dtml/img/1/1-Image64affbe7bfdd6.jpg'),(54,'dtml/img/1/1-Image64affc010df15.jpg'),(55,'dtml/img/1/1-Image64affc010eae2.jpg'),(56,'dtml/img/1/1-Image64affc010f5d6.jpg'),(57,'dtml/img/1/1-Image64affc0114e0c.jpg'),(58,'dtml/img/1/1-Image64affc30037c5.jpg'),(59,'dtml/img/1/1-Image64affc300441d.jpg'),(60,'dtml/img/1/1-Image64affc3005431.jpg'),(61,'dtml/img/1/1-Image64affc300dddd.jpg'),(62,'dtml/img/1/1-Image64affd08812db.jpg'),(63,'dtml/img/1/1-Image64affd0881d9f.jpg'),(64,'dtml/img/1/1-Image64affd0886973.jpg'),(65,'dtml/img/1/1-Image64affdeaa7a7c.jpg'),(66,'dtml/img/1/1-Image64affdeaa85c1.jpg'),(67,'dtml/img/1/1-Image64affeff7f408.jpg'),(68,'dtml/img/1/1-Image64affeff8229d.jpg'),(69,'dtml/img/1/1-Image64affeff83abb.jpg'),(70,'dtml/img/1/1-Image64afffb7b0822.jpg'),(71,'dtml/img/1/1-Image64afffb7b13ff.jpg'),(72,'dtml/img/1/1-Image64afffb7b2225.jpg'),(73,'dtml/img/1/1-Image64b00046e449c.jpg'),(74,'dtml/img/1/1-Image64b000dad4aa3.jpg'),(75,'dtml/img/1/1-Image64b000dad8f96.jpg'),(76,'dtml/img/1/1-Image64b00192b4b2e.jpg'),(77,'dtml/img/1/1-Image64b00192b56b5.jpg'),(78,'dtml/img/1/1-Image64b00192b5f43.jpg'),(79,'dtml/img/1/1-Image64b0022c0711b.jpg'),(80,'dtml/img/1/1-Image64b0022c0fdd4.jpg'),(81,'dtml/img/1/1-Image64b0022c10b02.jpg'),(82,'dtml/img/1/1-Image64b0042dce527.jpg'),(83,'dtml/img/1/1-Image64b0042dcf348.jpg'),(84,'dtml/img/1/1-Image64b0042dcfd98.jpg'),(85,'dtml/img/1/1-Image64b0051f0ae8c.jpg'),(86,'dtml/img/1/1-Image64b0051f10ab5.jpg'),(87,'dtml/img/1/1-Image64b0074843b82.jpg'),(88,'dtml/img/1/1-Image64b0074844912.jpg'),(89,'dtml/img/1/1-Image64b00cc181c85.jpg'),(90,'dtml/img/1/1-Image64b00cc182ad9.jpg'),(91,'dtml/img/1/1-Image64b00d3286f21.jpg'),(92,'dtml/img/1/1-Image64b00d328bc17.jpg'),(93,'dtml/img/1/1-Image64b00d328c578.jpg'),(94,'dtml/img/1/1-Image64b00d8c63ee4.jpg'),(95,'dtml/img/1/1-Image64b00e126ca33.jpg'),(96,'dtml/img/1/1-Image64b00e1272273.jpg'),(97,'dtml/img/1/1-Image64b00e1272e7e.jpg'),(98,'dtml/img/1/1-Image64b00e8a561dd.jpg'),(99,'dtml/img/1/1-Image64b00e8a59afa.jpg'),(100,'dtml/img/1/1-Image64b00f84c247f.jpg'),(101,'dtml/img/1/1-Image64b00f84c2fa0.jpg'),(102,'dtml/img/1/1-Image64b010f1d17b3.jpg'),(103,'dtml/img/1/1-Image64b010f1d24de.jpg'),(104,'dtml/img/1/1-Image64b011b764388.jpg'),(105,'dtml/img/1/1-Image64b011b76a03d.jpg'),(106,'dtml/img/1/1-Image64b0122bacd2b.jpg'),(107,'dtml/img/1/1-Image64b012a90abb7.jpg'),(108,'dtml/img/1/1-Image64b012a90b4cd.jpg'),(109,'dtml/img/1/1-Image64b0138a191de.jpg'),(110,'dtml/img/1/1-Image64b0138a19e8d.jpg'),(111,'dtml/img/1/1-Image64b015eaca570.jpg'),(112,'dtml/img/1/1-Image64b015ead0a7c.jpg'),(113,'dtml/img/1/1-Image64b016ea729b4.jpg'),(114,'dtml/img/1/1-Image64b0173c662dd.jpg'),(115,'dtml/img/1/1-Image64b0177a09edb.jpg'),(116,'dtml/img/1/1-Image64b01aff56a30.jpg'),(117,'dtml/img/1/1-Image64b01aff59345.jpg'),(118,'dtml/img/1/1-Image64b020056c132.jpg'),(119,'dtml/img/1/1-Image64b020b770559.jpg'),(120,'dtml/img/1/1-Image64b020b771011.jpg'),(121,'dtml/img/1/1-Image64b0245dd4639.jpg'),(122,'dtml/img/1/1-Image64b0245e7143f.jpg'),(123,'dtml/img/1/1-Image64b025e22b0aa.jpg');
/*!40000 ALTER TABLE `image` ENABLE KEYS */;
UNLOCK TABLES;

--
-- Table structure for table `order`
--

DROP TABLE IF EXISTS `order`;
/*!40101 SET @saved_cs_client     = @@character_set_client */;
/*!50503 SET character_set_client = utf8mb4 */;
CREATE TABLE `order` (
  `id` int NOT NULL AUTO_INCREMENT,
  `name` varchar(45) NOT NULL,
  `surname` varchar(45) NOT NULL,
  `street` varchar(45) NOT NULL,
  `city` varchar(45) NOT NULL,
  `zipcode` varchar(45) NOT NULL,
  `state` varchar(45) NOT NULL,
  `telephone` varchar(45) DEFAULT NULL,
  `email` varchar(45) NOT NULL,
  `date` date NOT NULL,
  `total` float NOT NULL,
  `orderState` int NOT NULL,
  PRIMARY KEY (`id`)
) ENGINE=InnoDB AUTO_INCREMENT=11 DEFAULT CHARSET=utf8mb3;
/*!40101 SET character_set_client = @saved_cs_client */;

--
-- Dumping data for table `order`
--

LOCK TABLES `order` WRITE;
/*!40000 ALTER TABLE `order` DISABLE KEYS */;
INSERT INTO `order` VALUES (5,'Gio','Campo','123 ST','RI','02100','ITA','3232323','no@no.com','2023-07-04',2549.97,3),(10,'Blabla','blabla','123','Rieti','02100','ITA','2w310321','no@no.com','2023-07-05',999.96,0);
/*!40000 ALTER TABLE `order` ENABLE KEYS */;
UNLOCK TABLES;

--
-- Table structure for table `order_has_products`
--

DROP TABLE IF EXISTS `order_has_products`;
/*!40101 SET @saved_cs_client     = @@character_set_client */;
/*!50503 SET character_set_client = utf8mb4 */;
CREATE TABLE `order_has_products` (
  `order_id` int NOT NULL,
  `products_id` int NOT NULL,
  `quantity` int NOT NULL,
  `price` float NOT NULL,
  `productstate` varchar(45) NOT NULL DEFAULT '0',
  PRIMARY KEY (`order_id`,`products_id`),
  KEY `fk_order_has_products_products1_idx` (`products_id`),
  KEY `fk_order_has_products_order1_idx` (`order_id`),
  CONSTRAINT `fk_order_has_products_order1` FOREIGN KEY (`order_id`) REFERENCES `order` (`id`) ON DELETE CASCADE ON UPDATE CASCADE,
  CONSTRAINT `fk_order_has_products_products1` FOREIGN KEY (`products_id`) REFERENCES `products` (`id`) ON DELETE CASCADE ON UPDATE CASCADE
) ENGINE=InnoDB DEFAULT CHARSET=utf8mb3;
/*!40101 SET character_set_client = @saved_cs_client */;

--
-- Dumping data for table `order_has_products`
--

LOCK TABLES `order_has_products` WRITE;
/*!40000 ALTER TABLE `order_has_products` DISABLE KEYS */;
/*!40000 ALTER TABLE `order_has_products` ENABLE KEYS */;
UNLOCK TABLES;

--
-- Table structure for table `products`
--

DROP TABLE IF EXISTS `products`;
/*!40101 SET @saved_cs_client     = @@character_set_client */;
/*!50503 SET character_set_client = utf8mb4 */;
CREATE TABLE `products` (
  `id` int NOT NULL AUTO_INCREMENT,
  `user_id` int NOT NULL,
  `category_id` int NOT NULL,
  `brand_id` int NOT NULL,
  `name` varchar(100) NOT NULL,
  `added` date NOT NULL,
  `price` float NOT NULL,
  `saleprice` varchar(45) DEFAULT NULL,
  `image_id` int DEFAULT NULL,
  `description` longblob,
  PRIMARY KEY (`id`),
  KEY `fk_products_user1_idx` (`user_id`),
  KEY `fk_products_category1_idx` (`category_id`),
  KEY `fk_products_brand1_idx` (`brand_id`),
  KEY `fk_products_image1_idx` (`image_id`),
  CONSTRAINT `fk_products_brand1` FOREIGN KEY (`brand_id`) REFERENCES `brand` (`id`) ON DELETE CASCADE ON UPDATE CASCADE,
  CONSTRAINT `fk_products_category1` FOREIGN KEY (`category_id`) REFERENCES `category` (`id`) ON DELETE CASCADE ON UPDATE CASCADE,
  CONSTRAINT `fk_products_image1` FOREIGN KEY (`image_id`) REFERENCES `image` (`id`) ON DELETE CASCADE ON UPDATE CASCADE,
  CONSTRAINT `fk_products_user1` FOREIGN KEY (`user_id`) REFERENCES `user` (`id`) ON DELETE CASCADE ON UPDATE CASCADE
) ENGINE=InnoDB AUTO_INCREMENT=47 DEFAULT CHARSET=utf8mb3;
/*!40101 SET character_set_client = @saved_cs_client */;

--
-- Dumping data for table `products`
--

LOCK TABLES `products` WRITE;
/*!40000 ALTER TABLE `products` DISABLE KEYS */;
INSERT INTO `products` VALUES (14,2,1,7,'Seagate Basic 2TB Hard Disk Esterno Portatile','2023-07-13',100,'59',46,_binary 'PHRhYmxlIGlkPSJwcm9kdWN0RGV0YWlsc190ZWNoU3BlY19zZWN0aW9uXzEiIHJvbGU9InByZXNlbnRhdGlvbiI+DQo8dGJvZHk+DQo8dHI+DQo8dGg+TWFyY2E8L3RoPg0KPHRkPiZscm07U2VhZ2F0ZTwvdGQ+DQo8L3RyPg0KPHRyPg0KPHRoPlByb2R1dHRvcmU8L3RoPg0KPHRkPiZscm07U2VhZ2F0ZTwvdGQ+DQo8L3RyPg0KPHRyPg0KPHRoPnNlcmllPC90aD4NCjx0ZD4mbHJtO1NUSkwyMDAwNDAwPC90ZD4NCjwvdHI+DQo8dHI+DQo8dGg+RGltZW5zaW9uaSBwcm9kb3R0bzwvdGg+DQo8dGQ+JmxybTsxMSw3IHggOCB4IDEsNDggY207IDE5MCBncmFtbWk8L3RkPg0KPC90cj4NCjx0cj4NCjx0aD5OdW1lcm8gbW9kZWxsbyBhcnRpY29sbzwvdGg+DQo8dGQ+JmxybTtTVEpMMjAwMDQwMDwvdGQ+DQo8L3RyPg0KPHRyPg0KPHRoPkZhdHRvcmUgZGkgZm9ybWE8L3RoPg0KPHRkPiZscm07Miw1IHBvbGxpY2k8L3RkPg0KPC90cj4NCjx0cj4NCjx0aD5EaW1lbnNpb25pIFJBTTwvdGg+DQo8dGQ+JmxybTsyIFRCPC90ZD4NCjwvdHI+DQo8dHI+DQo8dGg+RGltZW5zaW9uaSBIYXJkLURpc2s8L3RoPg0KPHRkPiZscm07MiBUQjwvdGQ+DQo8L3RyPg0KPHRyPg0KPHRoPkRlc2NyaXppb25lIEhhcmQtRGlzazwvdGg+DQo8dGQ+JmxybTtIYXJkIGRpc2sgbWVjY2FuaWNvPC90ZD4NCjwvdHI+DQo8dHI+DQo8dGg+TnVtZXJvIGRpIHBvcnRlIFVTQiAzLjA8L3RoPg0KPHRkPiZscm07MTwvdGQ+DQo8L3RyPg0KPHRyPg0KPHRoPlRpcG9sb2dpYSBkaSBwZXJpZmVyaWNhIG90dGljYTwvdGg+DQo8dGQ+JmxybTtOZXNzdW5hPC90ZD4NCjwvdHI+DQo8dHI+DQo8dGg+VGlwbyBkaSBhbGltZW50YXppb25lPC90aD4NCjx0ZD4mbHJtO0F1dG9hbGltZW50YXRvPC90ZD4NCjwvdHI+DQo8dHI+DQo8dGg+UGlhdHRhZm9ybWEgSGFyZHdhcmU8L3RoPg0KPHRkPiZscm07UEMsIExpbnV4LCBNYWM8L3RkPg0KPC90cj4NCjx0cj4NCjx0aD5MZSBiYXR0ZXJpZSBzb25vIGluY2x1c2U8L3RoPg0KPHRkPiZscm07Tm88L3RkPg0KPC90cj4NCjx0cj4NCjx0aD5QZXNvIGFydGljb2xvPC90aD4NCjx0ZD4mbHJtOzE5MCBnPC90ZD4NCjwvdHI+DQo8dHI+DQo8dGg+QWdnaW9ybmFtZW50aSBzb2Z0d2FyZSBnYXJhbnRpdGkgZmlubyBhPC90aD4NCjx0ZD4mbHJtO3Njb25vc2NpdXRvPC90ZD4NCjwvdHI+DQo8L3Rib2R5Pg0KPC90YWJsZT4='),(15,2,1,6,'Samsung MUPC1T0TWW T7 SSD Esterno Portatile da 1 TB','2023-07-13',200,NULL,58,_binary 'PHRhYmxlIGlkPSJwcm9kdWN0RGV0YWlsc190ZWNoU3BlY19zZWN0aW9uXzEiIHJvbGU9InByZXNlbnRhdGlvbiI+DQo8dGJvZHk+DQo8dHI+DQo8dGg+TWFyY2E8L3RoPg0KPHRkPiZscm07U0FNU1VORzwvdGQ+DQo8L3RyPg0KPHRyPg0KPHRoPlByb2R1dHRvcmU8L3RoPg0KPHRkPiZscm07U2Ftc3VuZzwvdGQ+DQo8L3RyPg0KPHRyPg0KPHRoPnNlcmllPC90aD4NCjx0ZD4mbHJtO1Q3PC90ZD4NCjwvdHI+DQo8dHI+DQo8dGg+Y29sb3JlPC90aD4NCjx0ZD4mbHJtO0dyaWdpbyBUaXRhbmlvPC90ZD4NCjwvdHI+DQo8dHI+DQo8dGg+RGltZW5zaW9uaSBwcm9kb3R0bzwvdGg+DQo8dGQ+JmxybTs4LDUgeCA1LDcgeCAwLDggY207IDU2LDcgZ3JhbW1pPC90ZD4NCjwvdHI+DQo8dHI+DQo8dGg+UGlsZTwvdGg+DQo8dGQ+JmxybTsxIFNjb25vc2NpdXRvIChUaXBvIGRpIHBpbGEgbmVjZXNzYXJpYSk8L3RkPg0KPC90cj4NCjx0cj4NCjx0aD5OdW1lcm8gbW9kZWxsbyBhcnRpY29sbzwvdGg+DQo8dGQ+JmxybTtNVS1QQzFUMFQvV1c8L3RkPg0KPC90cj4NCjx0cj4NCjx0aD5GYXR0b3JlIGRpIGZvcm1hPC90aD4NCjx0ZD4mbHJtO1BvcnRhdGlsZTwvdGQ+DQo8L3RyPg0KPHRyPg0KPHRoPkRpbWVuc2lvbmkgSGFyZC1EaXNrPC90aD4NCjx0ZD4mbHJtOzEgVEI8L3RkPg0KPC90cj4NCjx0cj4NCjx0aD5EZXNjcml6aW9uZSBIYXJkLURpc2s8L3RoPg0KPHRkPiZscm07VW5pdCZhZ3JhdmU7IGEgc3RhdG8gc29saWRvPC90ZD4NCjwvdHI+DQo8dHI+DQo8dGg+SW50ZXJmYWNjaWEgSGFyZC1EaXNrPC90aD4NCjx0ZD4mbHJtO1VTQiAzLjA8L3RkPg0KPC90cj4NCjx0cj4NCjx0aD5XYXR0YWdnaW88L3RoPg0KPHRkPiZscm07MzYwMCB3YXR0PC90ZD4NCjwvdHI+DQo8dHI+DQo8dGg+VGlwbyBkaSBhbGltZW50YXppb25lPC90aD4NCjx0ZD4mbHJtO0Z1bnppb25hbWVudG8gbWFudWFsZTwvdGQ+DQo8L3RyPg0KPHRyPg0KPHRoPlBpYXR0YWZvcm1hIEhhcmR3YXJlPC90aD4NCjx0ZD4mbHJtO1BDLCBNYWM8L3RkPg0KPC90cj4NCjx0cj4NCjx0aD5MZSBiYXR0ZXJpZSBzb25vIGluY2x1c2U8L3RoPg0KPHRkPiZscm07Tm88L3RkPg0KPC90cj4NCjx0cj4NCjx0aD5QZXNvIGFydGljb2xvPC90aD4NCjx0ZD4mbHJtOzU2LDYgZzwvdGQ+DQo8L3RyPg0KPHRyPg0KPHRoPkFnZ2lvcm5hbWVudGkgc29mdHdhcmUgZ2FyYW50aXRpIGZpbm8gYTwvdGg+DQo8dGQ+JmxybTtzY29ub3NjaXV0bzwvdGQ+DQo8L3RyPg0KPC90Ym9keT4NCjwvdGFibGU+'),(16,2,1,7,'Seagate BarraCuda 4 TB Hard Disk Interno','2023-07-13',300,'200',62,_binary 'PHRhYmxlIGlkPSJwcm9kdWN0RGV0YWlsc190ZWNoU3BlY19zZWN0aW9uXzEiIHJvbGU9InByZXNlbnRhdGlvbiI+DQo8dGJvZHk+DQo8dHI+DQo8dGg+TWFyY2E8L3RoPg0KPHRkPiZscm07U2VhZ2F0ZTwvdGQ+DQo8L3RyPg0KPHRyPg0KPHRoPlByb2R1dHRvcmU8L3RoPg0KPHRkPiZscm07U2VhZ2F0ZTwvdGQ+DQo8L3RyPg0KPHRyPg0KPHRoPnNlcmllPC90aD4NCjx0ZD4mbHJtO0JhcnJhQ3VkYTwvdGQ+DQo8L3RyPg0KPHRyPg0KPHRoPmNvbG9yZTwvdGg+DQo8dGQ+JmxybTtCYXJyYUN1ZGE8L3RkPg0KPC90cj4NCjx0cj4NCjx0aD5EaW1lbnNpb25pIHByb2RvdHRvPC90aD4NCjx0ZD4mbHJtOzE0LDcxIHggMTAsMTYgeCAyLDAxIGNtOyA1NDgsODUgZ3JhbW1pPC90ZD4NCjwvdHI+DQo8dHI+DQo8dGg+TnVtZXJvIG1vZGVsbG8gYXJ0aWNvbG88L3RoPg0KPHRkPiZscm07U1Q0MDAwRE1aMDQ8L3RkPg0KPC90cj4NCjx0cj4NCjx0aD5GYXR0b3JlIGRpIGZvcm1hPC90aD4NCjx0ZD4mbHJtOzMsNSBwb2xsaWNpPC90ZD4NCjwvdHI+DQo8dHI+DQo8dGg+TWFyY2hpbyBwcm9jZXNzb3JlPC90aD4NCjx0ZD4mbHJtO1NlYWdhdGU8L3RkPg0KPC90cj4NCjx0cj4NCjx0aD5EaW1lbnNpb25pIEhhcmQtRGlzazwvdGg+DQo8dGQ+JmxybTs0MDAwIEdCPC90ZD4NCjwvdHI+DQo8dHI+DQo8dGg+RGVzY3JpemlvbmUgSGFyZC1EaXNrPC90aD4NCjx0ZD4mbHJtO0hhcmQgZGlzayBtZWNjYW5pY288L3RkPg0KPC90cj4NCjx0cj4NCjx0aD5JbnRlcmZhY2NpYSBIYXJkLURpc2s8L3RoPg0KPHRkPiZscm07U2VyaWFsIEFUQTwvdGQ+DQo8L3RyPg0KPHRyPg0KPHRoPlZlbG9jaXQmYWdyYXZlOyBkaSByb3RhemlvbmUgZGlzY28gcmlnaWRvPC90aD4NCjx0ZD4mbHJtOzU0MDAgUml2b2x1emlvbmkgYWwgbWludXRvPC90ZD4NCjwvdHI+DQo8dHI+DQo8dGg+V2F0dGFnZ2lvPC90aD4NCjx0ZD4mbHJtOzUuNjwvdGQ+DQo8L3RyPg0KPHRyPg0KPHRoPlRpcG8gZGkgYWxpbWVudGF6aW9uZTwvdGg+DQo8dGQ+JmxybTtTaXN0ZW1hIGFsaW1lbnRhdG88L3RkPg0KPC90cj4NCjx0cj4NCjx0aD5QaWF0dGFmb3JtYSBIYXJkd2FyZTwvdGg+DQo8dGQ+JmxybTtQQzwvdGQ+DQo8L3RyPg0KPHRyPg0KPHRoPkxlIGJhdHRlcmllIHNvbm8gaW5jbHVzZTwvdGg+DQo8dGQ+JmxybTtObzwvdGQ+DQo8L3RyPg0KPHRyPg0KPHRoPlBlc28gYXJ0aWNvbG88L3RoPg0KPHRkPiZscm07NTQ5IGc8L3RkPg0KPC90cj4NCjx0cj4NCjx0aD5BZ2dpb3JuYW1lbnRpIHNvZnR3YXJlIGdhcmFudGl0aSBmaW5vIGE8L3RoPg0KPHRkPiZscm07c2Nvbm9zY2l1dG88L3RkPg0KPC90cj4NCjwvdGJvZHk+DQo8L3RhYmxlPg=='),(17,2,1,7,'Seagate One Touch 2 TB Hard Disk Esterno Space Grey','2023-07-13',200,'100',65,_binary 'PHRhYmxlIGlkPSJwcm9kdWN0RGV0YWlsc190ZWNoU3BlY19zZWN0aW9uXzEiIHJvbGU9InByZXNlbnRhdGlvbiI+DQo8dGJvZHk+DQo8dHI+DQo8dGg+TWFyY2E8L3RoPg0KPHRkPiZscm07U2VhZ2F0ZTwvdGQ+DQo8L3RyPg0KPHRyPg0KPHRoPlByb2R1dHRvcmU8L3RoPg0KPHRkPiZscm07U2VhZ2F0ZTwvdGQ+DQo8L3RyPg0KPHRyPg0KPHRoPnNlcmllPC90aD4NCjx0ZD4mbHJtO09uZSBUb3VjaDwvdGQ+DQo8L3RyPg0KPHRyPg0KPHRoPmNvbG9yZTwvdGg+DQo8dGQ+JmxybTtTcGFjZSBHcmV5PC90ZD4NCjwvdHI+DQo8dHI+DQo8dGg+RGltZW5zaW9uaSBwcm9kb3R0bzwvdGg+DQo8dGQ+JmxybTsxLDE3IHggNyw4IHggMTEsNDggY207IDI2OCBncmFtbWk8L3RkPg0KPC90cj4NCjx0cj4NCjx0aD5OdW1lcm8gbW9kZWxsbyBhcnRpY29sbzwvdGg+DQo8dGQ+JmxybTtTVEtCMjAwMDQwNDwvdGQ+DQo8L3RyPg0KPHRyPg0KPHRoPkZhdHRvcmUgZGkgZm9ybWE8L3RoPg0KPHRkPiZscm07UG9ydGF0aWxlPC90ZD4NCjwvdHI+DQo8dHI+DQo8dGg+RGltZW5zaW9uaSBIYXJkLURpc2s8L3RoPg0KPHRkPiZscm07MiBUQjwvdGQ+DQo8L3RyPg0KPHRyPg0KPHRoPlBpYXR0YWZvcm1hIEhhcmR3YXJlPC90aD4NCjx0ZD4mbHJtO1BDLCBNYWM8L3RkPg0KPC90cj4NCjx0cj4NCjx0aD5MZSBiYXR0ZXJpZSBzb25vIGluY2x1c2U8L3RoPg0KPHRkPiZscm07Tm88L3RkPg0KPC90cj4NCjx0cj4NCjx0aD5QZXNvIGFydGljb2xvPC90aD4NCjx0ZD4mbHJtOzI2OCBnPC90ZD4NCjwvdHI+DQo8dHI+DQo8dGg+QWdnaW9ybmFtZW50aSBzb2Z0d2FyZSBnYXJhbnRpdGkgZmlubyBhPC90aD4NCjx0ZD4mbHJtO3Njb25vc2NpdXRvPC90ZD4NCjwvdHI+DQo8L3Rib2R5Pg0KPC90YWJsZT4='),(18,2,1,7,'Seagate IronWolf 4 TB Hard Disk SATA da 6 GBits HDD','2023-07-13',300,'199',67,_binary 'PHRhYmxlIGlkPSJwcm9kdWN0RGV0YWlsc190ZWNoU3BlY19zZWN0aW9uXzEiIHJvbGU9InByZXNlbnRhdGlvbiI+DQo8dGJvZHk+DQo8dHI+DQo8dGg+TWFyY2E8L3RoPg0KPHRkPiZscm07U2VhZ2F0ZTwvdGQ+DQo8L3RyPg0KPHRyPg0KPHRoPlByb2R1dHRvcmU8L3RoPg0KPHRkPiZscm07U2VhZ2F0ZTwvdGQ+DQo8L3RyPg0KPHRyPg0KPHRoPnNlcmllPC90aD4NCjx0ZD4mbHJtO05BUzwvdGQ+DQo8L3RyPg0KPHRyPg0KPHRoPmNvbG9yZTwvdGg+DQo8dGQ+JmxybTtIREQ8L3RkPg0KPC90cj4NCjx0cj4NCjx0aD5EaW1lbnNpb25pIHByb2RvdHRvPC90aD4NCjx0ZD4mbHJtOzE0LDcxIHggMTAsMTkgeCAyLDYyIGNtOyA1NDgsODUgZ3JhbW1pPC90ZD4NCjwvdHI+DQo8dHI+DQo8dGg+TnVtZXJvIG1vZGVsbG8gYXJ0aWNvbG88L3RoPg0KPHRkPiZscm07U1Q0MDAwVk4wMDY8L3RkPg0KPC90cj4NCjx0cj4NCjx0aD5GYXR0b3JlIGRpIGZvcm1hPC90aD4NCjx0ZD4mbHJtOzMsNSBwb2xsaWNpPC90ZD4NCjwvdHI+DQo8dHI+DQo8dGg+RGltZW5zaW9uaSBIYXJkLURpc2s8L3RoPg0KPHRkPiZscm07NDAwMCBHQjwvdGQ+DQo8L3RyPg0KPHRyPg0KPHRoPkRlc2NyaXppb25lIEhhcmQtRGlzazwvdGg+DQo8dGQ+JmxybTtIYXJkIGRpc2sgbWVjY2FuaWNvPC90ZD4NCjwvdHI+DQo8dHI+DQo8dGg+SW50ZXJmYWNjaWEgSGFyZC1EaXNrPC90aD4NCjx0ZD4mbHJtO1NlcmlhbCBBVEE8L3RkPg0KPC90cj4NCjx0cj4NCjx0aD5WZWxvY2l0JmFncmF2ZTsgZGkgcm90YXppb25lIGRpc2NvIHJpZ2lkbzwvdGg+DQo8dGQ+JmxybTs1OTAwIFJpdm9sdXppb25pIGFsIG1pbnV0bzwvdGQ+DQo8L3RyPg0KPHRyPg0KPHRoPkxlIGJhdHRlcmllIHNvbm8gaW5jbHVzZTwvdGg+DQo8dGQ+JmxybTtObzwvdGQ+DQo8L3RyPg0KPHRyPg0KPHRoPlBlc28gYXJ0aWNvbG88L3RoPg0KPHRkPiZscm07NTQ5IGc8L3RkPg0KPC90cj4NCjx0cj4NCjx0aD5BZ2dpb3JuYW1lbnRpIHNvZnR3YXJlIGdhcmFudGl0aSBmaW5vIGE8L3RoPg0KPHRkPiZscm07c2Nvbm9zY2l1dG88L3RkPg0KPC90cj4NCjwvdGJvZHk+DQo8L3RhYmxlPg=='),(19,2,1,7,'Seagate BarraCuda 1 TB Hard Disk Interno SATA da 6 GBits','2023-07-13',400,'300',70,_binary 'PHRhYmxlIGlkPSJwcm9kdWN0RGV0YWlsc190ZWNoU3BlY19zZWN0aW9uXzEiIHJvbGU9InByZXNlbnRhdGlvbiI+DQo8dGJvZHk+DQo8dHI+DQo8dGg+TWFyY2E8L3RoPg0KPHRkPiZscm07U2VhZ2F0ZTwvdGQ+DQo8L3RyPg0KPHRyPg0KPHRoPlByb2R1dHRvcmU8L3RoPg0KPHRkPiZscm07U0VBR0FURTwvdGQ+DQo8L3RyPg0KPHRyPg0KPHRoPnNlcmllPC90aD4NCjx0ZD4mbHJtO1NUMjAwMERNMDA2PC90ZD4NCjwvdHI+DQo8dHI+DQo8dGg+RGltZW5zaW9uaSBwcm9kb3R0bzwvdGg+DQo8dGQ+JmxybTsxNCw2OSB4IDEwLDE2IHggMiwwMSBjbTsgNDAwIGdyYW1taTwvdGQ+DQo8L3RyPg0KPHRyPg0KPHRoPk51bWVybyBtb2RlbGxvIGFydGljb2xvPC90aD4NCjx0ZD4mbHJtO1NUMTAwMERNMDEwPC90ZD4NCjwvdHI+DQo8dHI+DQo8dGg+RmF0dG9yZSBkaSBmb3JtYTwvdGg+DQo8dGQ+JmxybTszLDUgcG9sbGljaTwvdGQ+DQo8L3RyPg0KPHRyPg0KPHRoPkRpbWVuc2lvbmUgc2NoZXJtbzwvdGg+DQo8dGQ+JmxybTszLDUgUG9sbGljaTwvdGQ+DQo8L3RyPg0KPHRyPg0KPHRoPkRpbWVuc2lvbmkgUkFNPC90aD4NCjx0ZD4mbHJtOzEgVEI8L3RkPg0KPC90cj4NCjx0cj4NCjx0aD5UaXBvbG9naWEgZGkgbWVtb3JpYSBjb21wdXRlcjwvdGg+DQo8dGQ+JmxybTtFRE8gRFJBTTwvdGQ+DQo8L3RyPg0KPHRyPg0KPHRoPkRpbWVuc2lvbmkgSGFyZC1EaXNrPC90aD4NCjx0ZD4mbHJtOzEwMDAgR0I8L3RkPg0KPC90cj4NCjx0cj4NCjx0aD5JbnRlcmZhY2NpYSBIYXJkLURpc2s8L3RoPg0KPHRkPiZscm07U2VyaWFsIEFUQS02MDA8L3RkPg0KPC90cj4NCjx0cj4NCjx0aD5WZWxvY2l0JmFncmF2ZTsgZGkgcm90YXppb25lIGRpc2NvIHJpZ2lkbzwvdGg+DQo8dGQ+JmxybTs3MjAwIFJpdm9sdXppb25pIGFsIG1pbnV0bzwvdGQ+DQo8L3RyPg0KPHRyPg0KPHRoPldhdHRhZ2dpbzwvdGg+DQo8dGQ+JmxybTs1LjMgd2F0dDwvdGQ+DQo8L3RyPg0KPHRyPg0KPHRoPkxlIGJhdHRlcmllIHNvbm8gaW5jbHVzZTwvdGg+DQo8dGQ+JmxybTtObzwvdGQ+DQo8L3RyPg0KPHRyPg0KPHRoPkNvbmZlemlvbmUgZGVsbGEgYmF0dGVyaWEgYWwgbGl0aW88L3RoPg0KPHRkPiZscm07QmF0dGVyaWUgY29udGVudXRlIG5lbGwnYXBwYXJlY2NoaWF0dXJhPC90ZD4NCjwvdHI+DQo8dHI+DQo8dGg+UGVzbyBhcnRpY29sbzwvdGg+DQo8dGQ+JmxybTs0MDAgZzwvdGQ+DQo8L3RyPg0KPHRyPg0KPHRoPkFnZ2lvcm5hbWVudGkgc29mdHdhcmUgZ2FyYW50aXRpIGZpbm8gYTwvdGg+DQo8dGQ+JmxybTtzY29ub3NjaXV0bzwvdGQ+DQo8L3RyPg0KPC90Ym9keT4NCjwvdGFibGU+'),(20,2,1,6,'SAMSUNG HD103UJ Spinpoint F1 HardDisk','2023-07-13',100,NULL,73,_binary 'PHRhYmxlIGlkPSJwcm9kdWN0RGV0YWlsc190ZWNoU3BlY19zZWN0aW9uXzEiIHJvbGU9InByZXNlbnRhdGlvbiI+DQo8dGJvZHk+DQo8dHI+DQo8dGg+TWFyY2E8L3RoPg0KPHRkPiZscm07U0FNU1VORzwvdGQ+DQo8L3RyPg0KPHRyPg0KPHRoPlByb2R1dHRvcmU8L3RoPg0KPHRkPiZscm07U2Ftc3VuZzwvdGQ+DQo8L3RyPg0KPHRyPg0KPHRoPnNlcmllPC90aD4NCjx0ZD4mbHJtO0hEMTAzVUogU3BpbnBvaW50IEYxPC90ZD4NCjwvdHI+DQo8dHI+DQo8dGg+RGltZW5zaW9uaSBwcm9kb3R0bzwvdGg+DQo8dGQ+JmxybTsxMCwxNSB4IDE0LDcgeCAyLDYxIGNtOyA2NDksOTkgZ3JhbW1pPC90ZD4NCjwvdHI+DQo8dHI+DQo8dGg+TnVtZXJvIG1vZGVsbG8gYXJ0aWNvbG88L3RoPg0KPHRkPiZscm07SEQxMDNVSjwvdGQ+DQo8L3RyPg0KPHRyPg0KPHRoPkRpbWVuc2lvbmkgSGFyZC1EaXNrPC90aD4NCjx0ZD4mbHJtOzEwMDAsIDEwMDAsIDEwMDAsIDEwMDAsIDEwMDAsIDEwMDAsIDEwMDAsIDEwMDAgR0I8L3RkPg0KPC90cj4NCjx0cj4NCjx0aD5WZWxvY2l0JmFncmF2ZTsgZGkgcm90YXppb25lIGRpc2NvIHJpZ2lkbzwvdGg+DQo8dGQ+JmxybTs3MjAwIFJpdm9sdXppb25pIGFsIG1pbnV0bzwvdGQ+DQo8L3RyPg0KPHRyPg0KPHRoPldhdHRhZ2dpbzwvdGg+DQo8dGQ+JmxybTs3Ljcgd2F0dDwvdGQ+DQo8L3RyPg0KPHRyPg0KPHRoPkxlIGJhdHRlcmllIHNvbm8gaW5jbHVzZTwvdGg+DQo8dGQ+JmxybTtObzwvdGQ+DQo8L3RyPg0KPHRyPg0KPHRoPlBlc28gYXJ0aWNvbG88L3RoPg0KPHRkPiZscm07NjUwIGc8L3RkPg0KPC90cj4NCjx0cj4NCjx0aD5BZ2dpb3JuYW1lbnRpIHNvZnR3YXJlIGdhcmFudGl0aSBmaW5vIGE8L3RoPg0KPHRkPiZscm07c2Nvbm9zY2l1dG88L3RkPg0KPC90cj4NCjwvdGJvZHk+DQo8L3RhYmxlPg=='),(21,2,1,6,'SAMSUNG SSD 870 EVO 500 GB','2023-07-13',300,NULL,74,_binary 'PHRhYmxlIGlkPSJwcm9kdWN0RGV0YWlsc190ZWNoU3BlY19zZWN0aW9uXzEiIHJvbGU9InByZXNlbnRhdGlvbiI+DQo8dGJvZHk+DQo8dHI+DQo8dGg+TWFyY2E8L3RoPg0KPHRkPiZscm07U0FNU1VORzwvdGQ+DQo8L3RyPg0KPHRyPg0KPHRoPlByb2R1dHRvcmU8L3RoPg0KPHRkPiZscm07U2Ftc3VuZzwvdGQ+DQo8L3RyPg0KPHRyPg0KPHRoPnNlcmllPC90aD4NCjx0ZD4mbHJtOzg3MCBFVk88L3RkPg0KPC90cj4NCjx0cj4NCjx0aD5jb2xvcmU8L3RoPg0KPHRkPiZscm07TmVybzwvdGQ+DQo8L3RyPg0KPHRyPg0KPHRoPkRpbWVuc2lvbmkgcHJvZG90dG88L3RoPg0KPHRkPiZscm07MTAgeCA2LDk5IHggMCw2OCBjbTsgNDUgZ3JhbW1pPC90ZD4NCjwvdHI+DQo8dHI+DQo8dGg+UGlsZTwvdGg+DQo8dGQ+JmxybTsxIElvbmkgZGkgbGl0aW8gKFRpcG8gZGkgcGlsYSBuZWNlc3NhcmlhKTwvdGQ+DQo8L3RyPg0KPHRyPg0KPHRoPk51bWVybyBtb2RlbGxvIGFydGljb2xvPC90aD4NCjx0ZD4mbHJtO01aLTc3RTFUMEIvRVU8L3RkPg0KPC90cj4NCjx0cj4NCjx0aD5GYXR0b3JlIGRpIGZvcm1hPC90aD4NCjx0ZD4mbHJtOzIsNSBwb2xsaWNpPC90ZD4NCjwvdHI+DQo8dHI+DQo8dGg+RGltZW5zaW9uaSBIYXJkLURpc2s8L3RoPg0KPHRkPiZscm07NjAwIEdCPC90ZD4NCjwvdHI+DQo8dHI+DQo8dGg+RGVzY3JpemlvbmUgSGFyZC1EaXNrPC90aD4NCjx0ZD4mbHJtO1VuaXQmYWdyYXZlOyBhIHN0YXRvIHNvbGlkbzwvdGQ+DQo8L3RyPg0KPHRyPg0KPHRoPkludGVyZmFjY2lhIEhhcmQtRGlzazwvdGg+DQo8dGQ+JmxybTtlU0FUQTwvdGQ+DQo8L3RyPg0KPHRyPg0KPHRoPldhdHRhZ2dpbzwvdGg+DQo8dGQ+JmxybTszNjAwIHdhdHQ8L3RkPg0KPC90cj4NCjx0cj4NCjx0aD5QaWF0dGFmb3JtYSBIYXJkd2FyZTwvdGg+DQo8dGQ+JmxybTtQQywgTGludXgsIE1hYzwvdGQ+DQo8L3RyPg0KPHRyPg0KPHRoPkxlIGJhdHRlcmllIHNvbm8gaW5jbHVzZTwvdGg+DQo8dGQ+JmxybTtObzwvdGQ+DQo8L3RyPg0KPHRyPg0KPHRoPkNhcGFjaXQmYWdyYXZlOyBkZWxsYSBiYXR0ZXJpYSBhbCBsaXRpbzwvdGg+DQo8dGQ+JmxybTs0LDkgV2F0dG9yYTwvdGQ+DQo8L3RyPg0KPHRyPg0KPHRoPkNvbmZlemlvbmUgZGVsbGEgYmF0dGVyaWEgYWwgbGl0aW88L3RoPg0KPHRkPiZscm07QmF0dGVyaWUgY29udGVudXRlIG5lbGwnYXBwYXJlY2NoaWF0dXJhPC90ZD4NCjwvdHI+DQo8dHI+DQo8dGg+UGVzbyBhcnRpY29sbzwvdGg+DQo8dGQ+JmxybTs0NSBnPC90ZD4NCjwvdHI+DQo8dHI+DQo8dGg+QWdnaW9ybmFtZW50aSBzb2Z0d2FyZSBnYXJhbnRpdGkgZmlubyBhPC90aD4NCjx0ZD4mbHJtO3Njb25vc2NpdXRvPC90ZD4NCjwvdHI+DQo8L3Rib2R5Pg0KPC90YWJsZT4='),(22,2,1,8,'WD 4 TB Elements Portable External Hard Drive','2023-07-13',299,NULL,76,_binary 'PHRhYmxlIGlkPSJwcm9kdWN0RGV0YWlsc190ZWNoU3BlY19zZWN0aW9uXzEiIHJvbGU9InByZXNlbnRhdGlvbiI+DQo8dGJvZHk+DQo8dHI+DQo8dGg+TWFyY2E8L3RoPg0KPHRkPiZscm07V0Q8L3RkPg0KPC90cj4NCjx0cj4NCjx0aD5Qcm9kdXR0b3JlPC90aD4NCjx0ZD4mbHJtO1dlc3Rlcm4gRGlnaXRhbDwvdGQ+DQo8L3RyPg0KPHRyPg0KPHRoPnNlcmllPC90aD4NCjx0ZD4mbHJtO0VsZW1lbnRzPC90ZD4NCjwvdHI+DQo8dHI+DQo8dGg+Y29sb3JlPC90aD4NCjx0ZD4mbHJtO05lcm88L3RkPg0KPC90cj4NCjx0cj4NCjx0aD5EaW1lbnNpb25pIHByb2RvdHRvPC90aD4NCjx0ZD4mbHJtOzExLDE4IHggOCwxMyB4IDIsMSBjbTsgMjM1LDg3IGdyYW1taTwvdGQ+DQo8L3RyPg0KPHRyPg0KPHRoPk51bWVybyBtb2RlbGxvIGFydGljb2xvPC90aD4NCjx0ZD4mbHJtO1dEQlU2WTAwNDBCQkstV0VTTjwvdGQ+DQo8L3RyPg0KPHRyPg0KPHRoPkZhdHRvcmUgZGkgZm9ybWE8L3RoPg0KPHRkPiZscm07Miw1IHBvbGxpY2k8L3RkPg0KPC90cj4NCjx0cj4NCjx0aD5EaW1lbnNpb25pIFJBTTwvdGg+DQo8dGQ+JmxybTs0IFRCPC90ZD4NCjwvdHI+DQo8dHI+DQo8dGg+RGltZW5zaW9uaSBIYXJkLURpc2s8L3RoPg0KPHRkPiZscm07NDAwMCBHQjwvdGQ+DQo8L3RyPg0KPHRyPg0KPHRoPkludGVyZmFjY2lhIEhhcmQtRGlzazwvdGg+DQo8dGQ+JmxybTtVU0IgMy4wPC90ZD4NCjwvdHI+DQo8dHI+DQo8dGg+VmVsb2NpdCZhZ3JhdmU7IGRpIHJvdGF6aW9uZSBkaXNjbyByaWdpZG88L3RoPg0KPHRkPiZscm07NTQwMCBSaXZvbHV6aW9uaSBhbCBtaW51dG88L3RkPg0KPC90cj4NCjx0cj4NCjx0aD5OdW1lcm8gZGkgcG9ydGUgVVNCIDIuMDwvdGg+DQo8dGQ+JmxybTsxPC90ZD4NCjwvdHI+DQo8dHI+DQo8dGg+VGlwbyBkaSBhbGltZW50YXppb25lPC90aD4NCjx0ZD4mbHJtO0FsaW1lbnRhemlvbmUgZXN0ZXJuYTwvdGQ+DQo8L3RyPg0KPHRyPg0KPHRoPlNvZnR3YXJlIHN1cHBvcnRhdG88L3RoPg0KPHRkPiZscm07SmE8L3RkPg0KPC90cj4NCjx0cj4NCjx0aD5MZSBiYXR0ZXJpZSBzb25vIGluY2x1c2U8L3RoPg0KPHRkPiZscm07Tm88L3RkPg0KPC90cj4NCjx0cj4NCjx0aD5DYXBhY2l0JmFncmF2ZTsgZGVsbGEgYmF0dGVyaWEgYWwgbGl0aW88L3RoPg0KPHRkPiZscm07Myw3IFdhdHRvcmE8L3RkPg0KPC90cj4NCjx0cj4NCjx0aD5Db25mZXppb25lIGRlbGxhIGJhdHRlcmlhIGFsIGxpdGlvPC90aD4NCjx0ZD4mbHJtO0JhdHRlcmllIGNvbnRlbnV0ZSBuZWxsJ2FwcGFyZWNjaGlhdHVyYTwvdGQ+DQo8L3RyPg0KPHRyPg0KPHRoPlBlc28gYXJ0aWNvbG88L3RoPg0KPHRkPiZscm07MjM2IGc8L3RkPg0KPC90cj4NCjx0cj4NCjx0aD5BZ2dpb3JuYW1lbnRpIHNvZnR3YXJlIGdhcmFudGl0aSBmaW5vIGE8L3RoPg0KPHRkPiZscm07c2Nvbm9zY2l1dG88L3RkPg0KPC90cj4NCjwvdGJvZHk+DQo8L3RhYmxlPg=='),(23,2,1,8,'WD 4 TB My Passport Portable HDD','2023-07-13',350,NULL,79,_binary 'PHRhYmxlIGlkPSJwcm9kdWN0RGV0YWlsc190ZWNoU3BlY19zZWN0aW9uXzEiIHJvbGU9InByZXNlbnRhdGlvbiI+DQo8dGJvZHk+DQo8dHI+DQo8dGg+TWFyY2E8L3RoPg0KPHRkPiZscm07V0Q8L3RkPg0KPC90cj4NCjx0cj4NCjx0aD5Qcm9kdXR0b3JlPC90aD4NCjx0ZD4mbHJtO1dlc3Rlcm4gRGlnaXRhbDwvdGQ+DQo8L3RyPg0KPHRyPg0KPHRoPnNlcmllPC90aD4NCjx0ZD4mbHJtO015IFBhc3Nwb3J0IFJlZDwvdGQ+DQo8L3RyPg0KPHRyPg0KPHRoPmNvbG9yZTwvdGg+DQo8dGQ+JmxybTtSb3NzbzwvdGQ+DQo8L3RyPg0KPHRyPg0KPHRoPkRpbWVuc2lvbmkgcHJvZG90dG88L3RoPg0KPHRkPiZscm07MTAsNzIgeCA3LDQ5IHggMSw5MSBjbTsgMjEwLDA3IGdyYW1taTwvdGQ+DQo8L3RyPg0KPHRyPg0KPHRoPlBpbGU8L3RoPg0KPHRkPiZscm07MSBJb25pIGRpIGxpdGlvIChUaXBvIGRpIHBpbGEgbmVjZXNzYXJpYSk8L3RkPg0KPC90cj4NCjx0cj4NCjx0aD5OdW1lcm8gbW9kZWxsbyBhcnRpY29sbzwvdGg+DQo8dGQ+JmxybTtXREJQS0owMDQwQlJELVdFU048L3RkPg0KPC90cj4NCjx0cj4NCjx0aD5EaW1lbnNpb25pIEhhcmQtRGlzazwvdGg+DQo8dGQ+JmxybTs0IFRCPC90ZD4NCjwvdHI+DQo8dHI+DQo8dGg+RGVzY3JpemlvbmUgSGFyZC1EaXNrPC90aD4NCjx0ZD4mbHJtO0hhcmQgZGlzayBtZWNjYW5pY288L3RkPg0KPC90cj4NCjx0cj4NCjx0aD5JbnRlcmZhY2NpYSBIYXJkLURpc2s8L3RoPg0KPHRkPiZscm07VVNCIDMuMDwvdGQ+DQo8L3RyPg0KPHRyPg0KPHRoPlZlbG9jaXQmYWdyYXZlOyBkaSByb3RhemlvbmUgZGlzY28gcmlnaWRvPC90aD4NCjx0ZD4mbHJtOzU0MDAgUml2b2x1emlvbmkgYWwgbWludXRvPC90ZD4NCjwvdHI+DQo8dHI+DQo8dGg+Vm9sdGFnZ2lvPC90aD4NCjx0ZD4mbHJtOzEgVm9sdDwvdGQ+DQo8L3RyPg0KPHRyPg0KPHRoPkxlIGJhdHRlcmllIHNvbm8gaW5jbHVzZTwvdGg+DQo8dGQ+JmxybTtObzwvdGQ+DQo8L3RyPg0KPHRyPg0KPHRoPkNvbmZlemlvbmUgZGVsbGEgYmF0dGVyaWEgYWwgbGl0aW88L3RoPg0KPHRkPiZscm07U29sbyBiYXR0ZXJpZTwvdGQ+DQo8L3RyPg0KPHRyPg0KPHRoPlBlc28gZGVsbGEgYmF0dGVyaWEgYWwgbGl0aW88L3RoPg0KPHRkPiZscm07MSBDaGlsb2dyYW1taTwvdGQ+DQo8L3RyPg0KPHRyPg0KPHRoPk51bWVybyBkZWxsZSBjZWxsZSBhZ2xpIGlvbmkgZGkgbGl0aW88L3RoPg0KPHRkPiZscm07MTwvdGQ+DQo8L3RyPg0KPHRyPg0KPHRoPk51bWVybyBkZWxsZSBjZWxsZSBhaSBtZXRhbGxpIGRpIGxpdGlvPC90aD4NCjx0ZD4mbHJtOzE8L3RkPg0KPC90cj4NCjx0cj4NCjx0aD5QZXNvIGFydGljb2xvPC90aD4NCjx0ZD4mbHJtOzIxMCBnPC90ZD4NCjwvdHI+DQo8dHI+DQo8dGg+QWdnaW9ybmFtZW50aSBzb2Z0d2FyZSBnYXJhbnRpdGkgZmlubyBhPC90aD4NCjx0ZD4mbHJtO3Njb25vc2NpdXRvPC90ZD4NCjwvdHI+DQo8L3Rib2R5Pg0KPC90YWJsZT4='),(24,2,1,8,'WD BLACK 2 TB Prestazioni Disco rigido interno','2023-07-13',300,'199',82,_binary 'PHRhYmxlIGlkPSJwcm9kdWN0RGV0YWlsc190ZWNoU3BlY19zZWN0aW9uXzEiIHJvbGU9InByZXNlbnRhdGlvbiI+DQo8dGJvZHk+DQo8dHI+DQo8dGg+TWFyY2E8L3RoPg0KPHRkPiZscm07V0Q8L3RkPg0KPC90cj4NCjx0cj4NCjx0aD5Qcm9kdXR0b3JlPC90aD4NCjx0ZD4mbHJtO1dlc3Rlcm4gRGlnaXRhbDwvdGQ+DQo8L3RyPg0KPHRyPg0KPHRoPmNvbG9yZTwvdGg+DQo8dGQ+JmxybTtOZXJvPC90ZD4NCjwvdHI+DQo8dHI+DQo8dGg+RGltZW5zaW9uaSBwcm9kb3R0bzwvdGg+DQo8dGQ+JmxybTsxNCw3MSB4IDEwLDE2IHggMiw2MiBjbTsgNjg5LDQ2IGdyYW1taTwvdGQ+DQo8L3RyPg0KPHRyPg0KPHRoPk51bWVybyBtb2RlbGxvIGFydGljb2xvPC90aD4NCjx0ZD4mbHJtO1dEQlNMQTAwMjBITkMtRVJTTjwvdGQ+DQo8L3RyPg0KPHRyPg0KPHRoPkZhdHRvcmUgZGkgZm9ybWE8L3RoPg0KPHRkPiZscm07Myw1IHBvbGxpY2k8L3RkPg0KPC90cj4NCjx0cj4NCjx0aD5EaW1lbnNpb25pIEhhcmQtRGlzazwvdGg+DQo8dGQ+JmxybTsyMDAwIEdCPC90ZD4NCjwvdHI+DQo8dHI+DQo8dGg+SW50ZXJmYWNjaWEgSGFyZC1EaXNrPC90aD4NCjx0ZD4mbHJtO1NlcmlhbCBBVEEtNjAwPC90ZD4NCjwvdHI+DQo8dHI+DQo8dGg+VmVsb2NpdCZhZ3JhdmU7IGRpIHJvdGF6aW9uZSBkaXNjbyByaWdpZG88L3RoPg0KPHRkPiZscm07NzIwMCBSaXZvbHV6aW9uaSBhbCBtaW51dG88L3RkPg0KPC90cj4NCjx0cj4NCjx0aD5MZSBiYXR0ZXJpZSBzb25vIGluY2x1c2U8L3RoPg0KPHRkPiZscm07Tm88L3RkPg0KPC90cj4NCjx0cj4NCjx0aD5QZXNvIGFydGljb2xvPC90aD4NCjx0ZD4mbHJtOzY4OSBnPC90ZD4NCjwvdHI+DQo8dHI+DQo8dGg+QWdnaW9ybmFtZW50aSBzb2Z0d2FyZSBnYXJhbnRpdGkgZmlubyBhPC90aD4NCjx0ZD4mbHJtO3Njb25vc2NpdXRvPC90ZD4NCjwvdHI+DQo8L3Rib2R5Pg0KPC90YWJsZT4='),(25,2,1,8,'WD Red NAS Hard Drive WD20EFAX Hard disk interno da 2 TB','2023-07-13',300,'200',85,_binary 'PHRhYmxlIGlkPSJwcm9kdWN0RGV0YWlsc190ZWNoU3BlY19zZWN0aW9uXzEiIHJvbGU9InByZXNlbnRhdGlvbiI+DQo8dGJvZHk+DQo8dHI+DQo8dGg+TWFyY2E8L3RoPg0KPHRkPiZscm07V0Q8L3RkPg0KPC90cj4NCjx0cj4NCjx0aD5Qcm9kdXR0b3JlPC90aD4NCjx0ZD4mbHJtO1dlc3Rlcm4gRGlnaXRhbDwvdGQ+DQo8L3RyPg0KPHRyPg0KPHRoPnNlcmllPC90aD4NCjx0ZD4mbHJtO1dEMjBFRkFYL1dEWjIwRUZBWDwvdGQ+DQo8L3RyPg0KPHRyPg0KPHRoPkRpbWVuc2lvbmkgcHJvZG90dG88L3RoPg0KPHRkPiZscm07MTQsNSB4IDEwLDIgeCAyLDYgY207IDU0MCBncmFtbWk8L3RkPg0KPC90cj4NCjx0cj4NCjx0aD5OdW1lcm8gbW9kZWxsbyBhcnRpY29sbzwvdGg+DQo8dGQ+JmxybTtXRDIwRUZBWC9XRFoyMEVGQVg8L3RkPg0KPC90cj4NCjx0cj4NCjx0aD5GYXR0b3JlIGRpIGZvcm1hPC90aD4NCjx0ZD4mbHJtOzMsNSBwb2xsaWNpPC90ZD4NCjwvdHI+DQo8dHI+DQo8dGg+RGltZW5zaW9uaSBIYXJkLURpc2s8L3RoPg0KPHRkPiZscm07MiBUQjwvdGQ+DQo8L3RyPg0KPHRyPg0KPHRoPkRlc2NyaXppb25lIEhhcmQtRGlzazwvdGg+DQo8dGQ+JmxybTtIYXJkIGRpc2sgbWVjY2FuaWNvPC90ZD4NCjwvdHI+DQo8dHI+DQo8dGg+SW50ZXJmYWNjaWEgSGFyZC1EaXNrPC90aD4NCjx0ZD4mbHJtO1NlcmlhbCBBVEE8L3RkPg0KPC90cj4NCjx0cj4NCjx0aD5WZWxvY2l0JmFncmF2ZTsgZGkgcm90YXppb25lIGRpc2NvIHJpZ2lkbzwvdGg+DQo8dGQ+JmxybTs1NDAwIFJpdm9sdXppb25pIGFsIG1pbnV0bzwvdGQ+DQo8L3RyPg0KPHRyPg0KPHRoPkxlIGJhdHRlcmllIHNvbm8gaW5jbHVzZTwvdGg+DQo8dGQ+JmxybTtObzwvdGQ+DQo8L3RyPg0KPHRyPg0KPHRoPlBlc28gYXJ0aWNvbG88L3RoPg0KPHRkPiZscm07NTQwIGc8L3RkPg0KPC90cj4NCjx0cj4NCjx0aD5BZ2dpb3JuYW1lbnRpIHNvZnR3YXJlIGdhcmFudGl0aSBmaW5vIGE8L3RoPg0KPHRkPiZscm07c2Nvbm9zY2l1dG88L3RkPg0KPC90cj4NCjwvdGJvZHk+DQo8L3RhYmxlPg=='),(26,2,1,8,'WD WD10EZRZ Blu Hard Disk Desktop da 1 TB','2023-07-13',100,'50',87,_binary 'PHRhYmxlIGlkPSJwcm9kdWN0RGV0YWlsc190ZWNoU3BlY19zZWN0aW9uXzEiIHJvbGU9InByZXNlbnRhdGlvbiI+DQo8dGJvZHk+DQo8dHI+DQo8dGg+TWFyY2E8L3RoPg0KPHRkPiZscm07V0Q8L3RkPg0KPC90cj4NCjx0cj4NCjx0aD5Qcm9kdXR0b3JlPC90aD4NCjx0ZD4mbHJtO1dlc3Rlcm4gRGlnaXRhbDwvdGQ+DQo8L3RyPg0KPHRyPg0KPHRoPnNlcmllPC90aD4NCjx0ZD4mbHJtO1dEMTBFWlJaPC90ZD4NCjwvdHI+DQo8dHI+DQo8dGg+Y29sb3JlPC90aD4NCjx0ZD4mbHJtO0FyZ2VudG88L3RkPg0KPC90cj4NCjx0cj4NCjx0aD5EaW1lbnNpb25pIHByb2RvdHRvPC90aD4NCjx0ZD4mbHJtOzE0LDkxIHggMTAsMTYgeCAyLDYxIGNtOyA0NTAgZ3JhbW1pPC90ZD4NCjwvdHI+DQo8dHI+DQo8dGg+UGlsZTwvdGg+DQo8dGQ+JmxybTsxIFNjb25vc2NpdXRvIChUaXBvIGRpIHBpbGEgbmVjZXNzYXJpYSk8L3RkPg0KPC90cj4NCjx0cj4NCjx0aD5OdW1lcm8gbW9kZWxsbyBhcnRpY29sbzwvdGg+DQo8dGQ+JmxybTtXRDEwRVpSWjwvdGQ+DQo8L3RyPg0KPHRyPg0KPHRoPkZhdHRvcmUgZGkgZm9ybWE8L3RoPg0KPHRkPiZscm07Myw1IHBvbGxpY2k8L3RkPg0KPC90cj4NCjx0cj4NCjx0aD5EaW1lbnNpb25pIFJBTTwvdGg+DQo8dGQ+JmxybTsxIFRCPC90ZD4NCjwvdHI+DQo8dHI+DQo8dGg+RGltZW5zaW9uaSBIYXJkLURpc2s8L3RoPg0KPHRkPiZscm07MSBUQjwvdGQ+DQo8L3RyPg0KPHRyPg0KPHRoPkRlc2NyaXppb25lIEhhcmQtRGlzazwvdGg+DQo8dGQ+JmxybTtVbml0JmFncmF2ZTsgYSBzdGF0byBzb2xpZG88L3RkPg0KPC90cj4NCjx0cj4NCjx0aD5JbnRlcmZhY2NpYSBIYXJkLURpc2s8L3RoPg0KPHRkPiZscm07U2VyaWFsIEFUQS02MDA8L3RkPg0KPC90cj4NCjx0cj4NCjx0aD5WZWxvY2l0JmFncmF2ZTsgZGkgcm90YXppb25lIGRpc2NvIHJpZ2lkbzwvdGg+DQo8dGQ+JmxybTs1NDAwIFJpdm9sdXppb25pIGFsIG1pbnV0bzwvdGQ+DQo8L3RyPg0KPHRyPg0KPHRoPldhdHRhZ2dpbzwvdGg+DQo8dGQ+JmxybTszIHdhdHQ8L3RkPg0KPC90cj4NCjx0cj4NCjx0aD5QaWF0dGFmb3JtYSBIYXJkd2FyZTwvdGg+DQo8dGQ+JmxybTtQQzwvdGQ+DQo8L3RyPg0KPHRyPg0KPHRoPkxlIGJhdHRlcmllIHNvbm8gaW5jbHVzZTwvdGg+DQo8dGQ+JmxybTtObzwvdGQ+DQo8L3RyPg0KPHRyPg0KPHRoPkNhcGFjaXQmYWdyYXZlOyBkZWxsYSBiYXR0ZXJpYSBhbCBsaXRpbzwvdGg+DQo8dGQ+JmxybTsxIFdhdHRvcmE8L3RkPg0KPC90cj4NCjx0cj4NCjx0aD5Wb2x0YWdnaW8gZGVsbGEgYmF0dGVyaWEgYWwgbGl0aW88L3RoPg0KPHRkPiZscm07NSBWb2x0PC90ZD4NCjwvdHI+DQo8dHI+DQo8dGg+UGVzbyBhcnRpY29sbzwvdGg+DQo8dGQ+JmxybTs0NTAgZzwvdGQ+DQo8L3RyPg0KPHRyPg0KPHRoPkFnZ2lvcm5hbWVudGkgc29mdHdhcmUgZ2FyYW50aXRpIGZpbm8gYTwvdGg+DQo8dGQ+JmxybTtzY29ub3NjaXV0bzwvdGQ+DQo8L3RyPg0KPC90Ym9keT4NCjwvdGFibGU+'),(27,2,2,9,'ASUS Dual NVIDIA GeForce RTX 3060 V2 OC Edition','2023-07-13',300,'200',89,_binary 'PHRhYmxlIGlkPSJwcm9kdWN0RGV0YWlsc190ZWNoU3BlY19zZWN0aW9uXzEiIHJvbGU9InByZXNlbnRhdGlvbiI+DQo8dGJvZHk+DQo8dHI+DQo8dGg+TWFyY2E8L3RoPg0KPHRkPiZscm07QVNVUzwvdGQ+DQo8L3RyPg0KPHRyPg0KPHRoPlByb2R1dHRvcmU8L3RoPg0KPHRkPiZscm07QVNVUyBUZWNobm9sb2d5IEhvbGxhbmQgQi5WLjwvdGQ+DQo8L3RyPg0KPHRyPg0KPHRoPnNlcmllPC90aD4NCjx0ZD4mbHJtO0RVQUwtUlRYMzA2MC1PMTJHLVYyPC90ZD4NCjwvdHI+DQo8dHI+DQo8dGg+Y29sb3JlPC90aD4NCjx0ZD4mbHJtO05lcm88L3RkPg0KPC90cj4NCjx0cj4NCjx0aD5EaW1lbnNpb25pIHByb2RvdHRvPC90aD4NCjx0ZD4mbHJtOzIwIHggMyw4IHggMTIsMyBjbTsgMzIwIGdyYW1taTwvdGQ+DQo8L3RyPg0KPHRyPg0KPHRoPlBpbGU8L3RoPg0KPHRkPiZscm07MSBJb25pIGRpIGxpdGlvIChUaXBvIGRpIHBpbGEgbmVjZXNzYXJpYSk8L3RkPg0KPC90cj4NCjx0cj4NCjx0aD5OdW1lcm8gbW9kZWxsbyBhcnRpY29sbzwvdGg+DQo8dGQ+JmxybTs5MFlWMEdCMi1NME5BMTA8L3RkPg0KPC90cj4NCjx0cj4NCjx0aD5EaW1lbnNpb25lIHNjaGVybW88L3RoPg0KPHRkPiZscm07MTwvdGQ+DQo8L3RyPg0KPHRyPg0KPHRoPlJpc29sdXppb25lPC90aD4NCjx0ZD4mbHJtOzc2ODAgeCA0MzIwIFBpeGVsPC90ZD4NCjwvdHI+DQo8dHI+DQo8dGg+TnVtZXJvIHByb2Nlc3Nvcmk8L3RoPg0KPHRkPiZscm07MTwvdGQ+DQo8L3RyPg0KPHRyPg0KPHRoPkNsb2NrIGRpIE1lbW9yaWE8L3RoPg0KPHRkPiZscm07MTgzNyBNSHo8L3RkPg0KPC90cj4NCjx0cj4NCjx0aD5Db3Byb2Nlc3NvcmUgZ3JhZmljbzwvdGg+DQo8dGQ+JmxybTtOdmlkaWEgR2VGb3JjZSBSVFggMzA2MDwvdGQ+DQo8L3RyPg0KPHRyPg0KPHRoPkdyYWZpY2EgQ2hpcHNldCBCcmFuZDwvdGg+DQo8dGQ+JmxybTtOVklESUE8L3RkPg0KPC90cj4NCjx0cj4NCjx0aD5EZXNjcml6aW9uZSBzY2hlZGEgZ3JhZmljYTwvdGg+DQo8dGQ+JmxybTtEZWRpY2F0YTwvdGQ+DQo8L3RyPg0KPHRyPg0KPHRoPlRpcG8gbWVtb3JpYSBzY2hlZGEgZ3JhZmljYTwvdGg+DQo8dGQ+JmxybTtHRERSNjwvdGQ+DQo8L3RyPg0KPHRyPg0KPHRoPkRpbWVuc2lvbmkgbWVtb3JpYSBzY2hlZGEgZ3JhZmljYTwvdGg+DQo8dGQ+JmxybTsxMiBHQjwvdGQ+DQo8L3RyPg0KPHRyPg0KPHRoPkludGVyZmFjY2lhIHNjaGVkYSBncmFmaWNhPC90aD4NCjx0ZD4mbHJtO1BDSSBFeHByZXNzPC90ZD4NCjwvdHI+DQo8dHI+DQo8dGg+TnVtZXJvIGRpIHBvcnRlIFVTQiAyLjA8L3RoPg0KPHRkPiZscm07MTwvdGQ+DQo8L3RyPg0KPHRyPg0KPHRoPlZvbHRhZ2dpbzwvdGg+DQo8dGQ+JmxybTsxMiBWb2x0PC90ZD4NCjwvdHI+DQo8dHI+DQo8dGg+V2F0dGFnZ2lvPC90aD4NCjx0ZD4mbHJtOzY1MCB3YXR0PC90ZD4NCjwvdHI+DQo8dHI+DQo8dGg+TGUgYmF0dGVyaWUgc29ubyBpbmNsdXNlPC90aD4NCjx0ZD4mbHJtO05vPC90ZD4NCjwvdHI+DQo8dHI+DQo8dGg+Q2FwYWNpdCZhZ3JhdmU7IGRlbGxhIGJhdHRlcmlhIGFsIGxpdGlvPC90aD4NCjx0ZD4mbHJtOzIgS2lsb3dhdHRvcmE8L3RkPg0KPC90cj4NCjx0cj4NCjx0aD5Db25mZXppb25lIGRlbGxhIGJhdHRlcmlhIGFsIGxpdGlvPC90aD4NCjx0ZD4mbHJtO0JhdHRlcmllIGltYmFsbGF0ZSBjb24gbCdhcHBhcmVjY2hpYXR1cmE8L3RkPg0KPC90cj4NCjx0cj4NCjx0aD5QZXNvIGRlbGxhIGJhdHRlcmlhIGFsIGxpdGlvPC90aD4NCjx0ZD4mbHJtOzIgR3JhbW1pPC90ZD4NCjwvdHI+DQo8dHI+DQo8dGg+TnVtZXJvIGRlbGxlIGNlbGxlIGFnbGkgaW9uaSBkaSBsaXRpbzwvdGg+DQo8dGQ+JmxybTs1PC90ZD4NCjwvdHI+DQo8dHI+DQo8dGg+TnVtZXJvIGRlbGxlIGNlbGxlIGFpIG1ldGFsbGkgZGkgbGl0aW88L3RoPg0KPHRkPiZscm07NTwvdGQ+DQo8L3RyPg0KPHRyPg0KPHRoPlBlc28gYXJ0aWNvbG88L3RoPg0KPHRkPiZscm07MzIwIGc8L3RkPg0KPC90cj4NCjx0cj4NCjx0aD5BZ2dpb3JuYW1lbnRpIHNvZnR3YXJlIGdhcmFudGl0aSBmaW5vIGE8L3RoPg0KPHRkPiZscm07c2Nvbm9zY2l1dG88L3RkPg0KPC90cj4NCjwvdGJvZHk+DQo8L3RhYmxlPg=='),(28,2,2,9,'ASUS Nvidia GeForce RTX 3060','2023-07-13',250,'200',91,_binary 'PHRhYmxlIGlkPSJwcm9kdWN0RGV0YWlsc190ZWNoU3BlY19zZWN0aW9uXzEiIHJvbGU9InByZXNlbnRhdGlvbiI+DQo8dGJvZHk+DQo8dHI+DQo8dGg+TWFyY2E8L3RoPg0KPHRkPiZscm07QVNVUzwvdGQ+DQo8L3RyPg0KPHRyPg0KPHRoPlByb2R1dHRvcmU8L3RoPg0KPHRkPiZscm07QXN1czwvdGQ+DQo8L3RyPg0KPHRyPg0KPHRoPnNlcmllPC90aD4NCjx0ZD4mbHJtO1RVRi1SVFgzMDYwLU8xMkctVjItR0FNSU5HPC90ZD4NCjwvdHI+DQo8dHI+DQo8dGg+Y29sb3JlPC90aD4NCjx0ZD4mbHJtO05lcm88L3RkPg0KPC90cj4NCjx0cj4NCjx0aD5EaW1lbnNpb25pIHByb2RvdHRvPC90aD4NCjx0ZD4mbHJtOzUsNCB4IDMwLDEgeCAxNCwzIGNtOyAxLDEgS2c8L3RkPg0KPC90cj4NCjx0cj4NCjx0aD5QaWxlPC90aD4NCjx0ZD4mbHJtOzEgSW9uaSBkaSBsaXRpbyAoVGlwbyBkaSBwaWxhIG5lY2Vzc2FyaWEpPC90ZD4NCjwvdHI+DQo8dHI+DQo8dGg+TnVtZXJvIG1vZGVsbG8gYXJ0aWNvbG88L3RoPg0KPHRkPiZscm07OTBZVjBHQzAtTTBOQTEwPC90ZD4NCjwvdHI+DQo8dHI+DQo8dGg+RGltZW5zaW9uZSBzY2hlcm1vPC90aD4NCjx0ZD4mbHJtOzE8L3RkPg0KPC90cj4NCjx0cj4NCjx0aD5SaXNvbHV6aW9uZTwvdGg+DQo8dGQ+JmxybTs3NjgwIHggNDMyMCBQaXhlbDwvdGQ+DQo8L3RyPg0KPHRyPg0KPHRoPk51bWVybyBwcm9jZXNzb3JpPC90aD4NCjx0ZD4mbHJtOzE8L3RkPg0KPC90cj4NCjx0cj4NCjx0aD5DbG9jayBkaSBNZW1vcmlhPC90aD4NCjx0ZD4mbHJtOzE4ODIgTUh6PC90ZD4NCjwvdHI+DQo8dHI+DQo8dGg+Q29wcm9jZXNzb3JlIGdyYWZpY288L3RoPg0KPHRkPiZscm07TnZpZGlhIEdlRm9yY2UgUlRYIDMwNjA8L3RkPg0KPC90cj4NCjx0cj4NCjx0aD5HcmFmaWNhIENoaXBzZXQgQnJhbmQ8L3RoPg0KPHRkPiZscm07TlZJRElBPC90ZD4NCjwvdHI+DQo8dHI+DQo8dGg+RGVzY3JpemlvbmUgc2NoZWRhIGdyYWZpY2E8L3RoPg0KPHRkPiZscm07RGVkaWNhdGE8L3RkPg0KPC90cj4NCjx0cj4NCjx0aD5UaXBvIG1lbW9yaWEgc2NoZWRhIGdyYWZpY2E8L3RoPg0KPHRkPiZscm07R0REUjY8L3RkPg0KPC90cj4NCjx0cj4NCjx0aD5EaW1lbnNpb25pIG1lbW9yaWEgc2NoZWRhIGdyYWZpY2E8L3RoPg0KPHRkPiZscm07MTIgR0I8L3RkPg0KPC90cj4NCjx0cj4NCjx0aD5JbnRlcmZhY2NpYSBzY2hlZGEgZ3JhZmljYTwvdGg+DQo8dGQ+JmxybTtQQ0ktRXhwcmVzcyB4NDwvdGQ+DQo8L3RyPg0KPHRyPg0KPHRoPk51bWVybyBkaSBwb3J0ZSBVU0IgMi4wPC90aD4NCjx0ZD4mbHJtOzE8L3RkPg0KPC90cj4NCjx0cj4NCjx0aD5Wb2x0YWdnaW88L3RoPg0KPHRkPiZscm07MSBWb2x0PC90ZD4NCjwvdHI+DQo8dHI+DQo8dGg+V2F0dGFnZ2lvPC90aD4NCjx0ZD4mbHJtOzc1MCB3YXR0PC90ZD4NCjwvdHI+DQo8dHI+DQo8dGg+VGlwbyBkaSBhbGltZW50YXppb25lPC90aD4NCjx0ZD4mbHJtO2FjPC90ZD4NCjwvdHI+DQo8dHI+DQo8dGg+TGUgYmF0dGVyaWUgc29ubyBpbmNsdXNlPC90aD4NCjx0ZD4mbHJtO05vPC90ZD4NCjwvdHI+DQo8dHI+DQo8dGg+Q29uZmV6aW9uZSBkZWxsYSBiYXR0ZXJpYSBhbCBsaXRpbzwvdGg+DQo8dGQ+JmxybTtTb2xvIGJhdHRlcmllPC90ZD4NCjwvdHI+DQo8dHI+DQo8dGg+TnVtZXJvIGRlbGxlIGNlbGxlIGFnbGkgaW9uaSBkaSBsaXRpbzwvdGg+DQo8dGQ+JmxybTsxPC90ZD4NCjwvdHI+DQo8dHI+DQo8dGg+TnVtZXJvIGRlbGxlIGNlbGxlIGFpIG1ldGFsbGkgZGkgbGl0aW88L3RoPg0KPHRkPiZscm07MTwvdGQ+DQo8L3RyPg0KPHRyPg0KPHRoPlBlc28gYXJ0aWNvbG88L3RoPg0KPHRkPiZscm07MSwxIEtpbG9ncmFtczwvdGQ+DQo8L3RyPg0KPHRyPg0KPHRoPkFnZ2lvcm5hbWVudGkgc29mdHdhcmUgZ2FyYW50aXRpIGZpbm8gYTwvdGg+DQo8dGQ+JmxybTtzY29ub3NjaXV0bzwvdGQ+DQo8L3RyPg0KPC90Ym9keT4NCjwvdGFibGU+'),(29,2,2,9,'Zotac Gaming Geforce Rtx 3060 Ti Twin Edge Lhr Nvidia 8 Gb Gddr6','2023-07-13',400,'300',94,_binary 'PHRhYmxlIGlkPSJwcm9kdWN0RGV0YWlsc190ZWNoU3BlY19zZWN0aW9uXzEiIHJvbGU9InByZXNlbnRhdGlvbiI+DQo8dGJvZHk+DQo8dHI+DQo8dGg+TWFyY2E8L3RoPg0KPHRkPiZscm07Wm90YWM8L3RkPg0KPC90cj4NCjx0cj4NCjx0aD5Qcm9kdXR0b3JlPC90aD4NCjx0ZD4mbHJtO1pvdGFjPC90ZD4NCjwvdHI+DQo8dHI+DQo8dGg+c2VyaWU8L3RoPg0KPHRkPiZscm07Wm90YWMgR2FtaW5nIEdlRm9yY2UgUlRYIDMwNjAgVGkgVHdpbiBFZGdlIExIUiBOVklESUEgOCBHQiBHRERSNjwvdGQ+DQo8L3RyPg0KPHRyPg0KPHRoPmNvbG9yZTwvdGg+DQo8dGQ+JmxybTtOZXJvPC90ZD4NCjwvdHI+DQo8dHI+DQo8dGg+RGltZW5zaW9uaSBwcm9kb3R0bzwvdGg+DQo8dGQ+JmxybTsyMiwyMSB4IDMsODIgeCAxMSw1NiBjbTsgMSBLZzwvdGQ+DQo8L3RyPg0KPHRyPg0KPHRoPlBpbGU8L3RoPg0KPHRkPiZscm07MSBJb25pIGRpIGxpdGlvIChUaXBvIGRpIHBpbGEgbmVjZXNzYXJpYSk8L3RkPg0KPC90cj4NCjx0cj4NCjx0aD5OdW1lcm8gbW9kZWxsbyBhcnRpY29sbzwvdGg+DQo8dGQ+JmxybTtaVC1BMzA2MTBFLTEwTUxIUjwvdGQ+DQo8L3RyPg0KPHRyPg0KPHRoPkZhdHRvcmUgZGkgZm9ybWE8L3RoPg0KPHRkPiZscm07QmFyPC90ZD4NCjwvdHI+DQo8dHI+DQo8dGg+Umlzb2x1emlvbmU8L3RoPg0KPHRkPiZscm07ODAwIHggNDgwPC90ZD4NCjwvdHI+DQo8dHI+DQo8dGg+Q2xvY2sgZGkgTWVtb3JpYTwvdGg+DQo8dGQ+JmxybTs3IEdIejwvdGQ+DQo8L3RyPg0KPHRyPg0KPHRoPkNvcHJvY2Vzc29yZSBncmFmaWNvPC90aD4NCjx0ZD4mbHJtO05WSURJQSBHZUZvcmNlIFJUWCAzMDYwIFRpPC90ZD4NCjwvdHI+DQo8dHI+DQo8dGg+R3JhZmljYSBDaGlwc2V0IEJyYW5kPC90aD4NCjx0ZD4mbHJtO05WSURJQTwvdGQ+DQo8L3RyPg0KPHRyPg0KPHRoPkRlc2NyaXppb25lIHNjaGVkYSBncmFmaWNhPC90aD4NCjx0ZD4mbHJtO0ludGVncmF0ZWQ8L3RkPg0KPC90cj4NCjx0cj4NCjx0aD5UaXBvIG1lbW9yaWEgc2NoZWRhIGdyYWZpY2E8L3RoPg0KPHRkPiZscm07R0REUjY8L3RkPg0KPC90cj4NCjx0cj4NCjx0aD5EaW1lbnNpb25pIG1lbW9yaWEgc2NoZWRhIGdyYWZpY2E8L3RoPg0KPHRkPiZscm07ODwvdGQ+DQo8L3RyPg0KPHRyPg0KPHRoPkludGVyZmFjY2lhIHNjaGVkYSBncmFmaWNhPC90aD4NCjx0ZD4mbHJtO1BDSS1FeHByZXNzIHgxNjwvdGQ+DQo8L3RyPg0KPHRyPg0KPHRoPldhdHRhZ2dpbzwvdGg+DQo8dGQ+JmxybTs2NTAgd2F0dDwvdGQ+DQo8L3RyPg0KPHRyPg0KPHRoPkxlIGJhdHRlcmllIHNvbm8gaW5jbHVzZTwvdGg+DQo8dGQ+JmxybTtObzwvdGQ+DQo8L3RyPg0KPHRyPg0KPHRoPkNhcGFjaXQmYWdyYXZlOyBkZWxsYSBiYXR0ZXJpYSBhbCBsaXRpbzwvdGg+DQo8dGQ+JmxybTsyIEtpbG93YXR0b3JhPC90ZD4NCjwvdHI+DQo8dHI+DQo8dGg+Q29uZmV6aW9uZSBkZWxsYSBiYXR0ZXJpYSBhbCBsaXRpbzwvdGg+DQo8dGQ+JmxybTtCYXR0ZXJpZSBpbWJhbGxhdGUgY29uIGwnYXBwYXJlY2NoaWF0dXJhPC90ZD4NCjwvdHI+DQo8dHI+DQo8dGg+UGVzbyBkZWxsYSBiYXR0ZXJpYSBhbCBsaXRpbzwvdGg+DQo8dGQ+JmxybTsyIEdyYW1taTwvdGQ+DQo8L3RyPg0KPHRyPg0KPHRoPk51bWVybyBkZWxsZSBjZWxsZSBhZ2xpIGlvbmkgZGkgbGl0aW88L3RoPg0KPHRkPiZscm07NTwvdGQ+DQo8L3RyPg0KPHRyPg0KPHRoPk51bWVybyBkZWxsZSBjZWxsZSBhaSBtZXRhbGxpIGRpIGxpdGlvPC90aD4NCjx0ZD4mbHJtOzU8L3RkPg0KPC90cj4NCjx0cj4NCjx0aD5QZXNvIGFydGljb2xvPC90aD4NCjx0ZD4mbHJtOzEgS2lsb2dyYW1zPC90ZD4NCjwvdHI+DQo8dHI+DQo8dGg+QWdnaW9ybmFtZW50aSBzb2Z0d2FyZSBnYXJhbnRpdGkgZmlubyBhPC90aD4NCjx0ZD4mbHJtO3Njb25vc2NpdXRvPC90ZD4NCjwvdHI+DQo8L3Rib2R5Pg0KPC90YWJsZT4='),(30,2,2,9,'Gigabyte VGA GF RTX 3070 TI VISION OC 8G','2023-07-13',560,'500',95,_binary 'PGRpdiBkYXRhLWNlbC13aWRnZXQ9ImFwbHVzLW1vZHVsZS0xMiIgZGF0YS1jc2EtYy1pZD0icGh4MTAwLTY5emNpZC10OWRvZ2otMjJwZTY5Ij4NCjxkaXY+DQo8ZGl2Pg0KPGRpdj48aW1nIHNyYz0iaHR0cHM6Ly9tLm1lZGlhLWFtYXpvbi5jb20vaW1hZ2VzL1MvYXBsdXMtbWVkaWEvc290YS80NDg1YjE5Yy1mMzE0LTQwN2YtOGVhNy1iNDI5ZWZiNzRhODcuX19DUjAsOTcsMTYwMyw0OTZfUFQwX1NYOTcwX1YxX19fLmpwZyIgYWx0PSJnaWdhYnl0ZSIgZGF0YS1zcmM9Imh0dHBzOi8vbS5tZWRpYS1hbWF6b24uY29tL2ltYWdlcy9TL2FwbHVzLW1lZGlhL3NvdGEvNDQ4NWIxOWMtZjMxNC00MDdmLThlYTctYjQyOWVmYjc0YTg3Ll9fQ1IwLDk3LDE2MDMsNDk2X1BUMF9TWDk3MF9WMV9fXy5qcGciPjwvZGl2Pg0KPC9kaXY+DQo8L2Rpdj4NCjxkaXY+Jm5ic3A7PC9kaXY+DQo8L2Rpdj4NCjxkaXYgZGF0YS1jZWwtd2lkZ2V0PSJhcGx1cy0zcC1tb2R1bGUtYiIgZGF0YS1jc2EtYy1pZD0ib3QydDRxLXFsZGg3ZS1rc3NsbjMtMjZ4dWZtIj4NCjxkaXY+PGltZyBzcmM9Imh0dHBzOi8vbS5tZWRpYS1hbWF6b24uY29tL2ltYWdlcy9TL2FwbHVzLW1lZGlhL3NvdGEvM2M3YjMzNmUtNWEzZS00ODY2LWE5Y2EtYTM0MTIxODk4MGY1Ll9fQ1I1MzEsMTg2LDExMTgsNjkyX1BUMF9TWDk3MF9WMV9fXy5qcGciIGFsdD0iZ2lnYWJ5dGUiIGRhdGEtc3JjPSJodHRwczovL20ubWVkaWEtYW1hem9uLmNvbS9pbWFnZXMvUy9hcGx1cy1tZWRpYS9zb3RhLzNjN2IzMzZlLTVhM2UtNDg2Ni1hOWNhLWEzNDEyMTg5ODBmNS5fX0NSNTMxLDE4NiwxMTE4LDY5Ml9QVDBfU1g5NzBfVjFfX18uanBnIj4NCjxoMz5NaWdsaW9yYSBsYSB0dWEgdml0YTwvaDM+DQo8cD5HSUdBQllURSBvZmZyZSB1bmEgZ2FtbWEgY29tcGxldGEgZGkgcHJvZG90dGkgY2hlIG1pcmEgYSAiTWlnbGlvcmFyZSBsYSB0dWEgdml0YSIuIENvbiBsJ2VzcGVyaWVuemEgY2hlIGNvbXByZW5kZSBzaXN0ZW1pIGNvbnN1bWVyLCBidXNpbmVzcywgZ2FtaW5nIGUgY2xvdWQsIEdJR0FCWVRFIHNpICZlZ3JhdmU7IGFmZmVybWF0YSBjb21lIHVubyBkZWkgbGVhZGVyIG5lbCBzZXR0b3JlIGNvbiBwcm9kb3R0aSBwbHVyaXByZW1pYXRpIHRyYSBjdWkgc2NoZWRlIG1hZHJpLCBzY2hlZGUgZ3JhZmljaGUsIGxhcHRvcCwgbWluaSBQQywgbW9uaXRvciBlIGFsdHJpIGNvbXBvbmVudGkgZSBhY2Nlc3NvcmkgcGVyIFBDLjwvcD4NCjxwPkluIHF1YWxpdCZhZ3JhdmU7IGRpIHN2aWx1cHBhdG9yZSBwZXJlbm5lIGRpIGhhcmR3YXJlIGUgc29sdXppb25pIHBlciBQQyBlIHNlcnZlciwgR0lHQUJZVEUgc2kgZGVkaWNhIGEgcHJvbXVvdmVyZSBtZXJhdmlnbGlvc2UgZXNwZXJpZW56ZSB1dGVudGUgcGVyIGNyZWF0b3JpIGRpIGNvbnRlbnV0aSBlIGdpb2NhdG9yaSwgY29uc2VudGVuZG8gYWxsYSBsb3JvIGltbWFnaW5hemlvbmUgZGkgbWFuaWZlc3RhcmUgdW5hIHZpdGEgbWlnbGlvcmU7IGluIHF1YWxpdCZhZ3JhdmU7IGRpIGZvcm5pdG9yZSBkaSBoYXJkd2FyZSBlIHNvbHV6aW9uaSBwZXIgc2VydmVyLCBHSUdBQllURSAmZWdyYXZlOyBwcm9udGEgYWQgZXN0ZW5kZXJlIGxhIG5vc3RyYSBwb3J0YXRhIG5laSBzZXJ2ZXIgYXppZW5kYWxpIGUgbmVpIHNpc3RlbWkgY2xvdWQgY29uIHNvbHV6aW9uaSBoYXJkd2FyZSBlIHNvZnR3YXJlIGNoZSBpbnRlZ3Jhbm8gYXBwbGljYXppb25pIEFJIGUgQWxvVCBwZXIgY29uc2VudGlyZSBhaSBjbGllbnRpIGRpIGFjcXVpc2lyZSwgYW5hbGl6emFyZSBlIHRyYXNmb3JtYXJlIGxlIGluZm9ybWF6aW9uaSBkaWdpdGFsaSBpbiBkYXRpIGVjb25vbWljaSwgYWNjZWxlcmFuZG8gbGUgYXR0aXZpdCZhZ3JhdmU7ICcgc3VjY2Vzc28gZGFsbCdlZGdlIGFsIGNsb3VkLjwvcD4NCjwvZGl2Pg0KPC9kaXY+DQo8ZGl2IGRhdGEtY2VsLXdpZGdldD0iYXBsdXMtbW9kdWxlLTEyIiBkYXRhLWNzYS1jLWlkPSIxMzUwdzItYnozbnZoLTQ3azdoYS10NjY3MXUiPg0KPGRpdj4NCjxkaXY+DQo8ZGl2PjxpbWcgc3JjPSJodHRwczovL20ubWVkaWEtYW1hem9uLmNvbS9pbWFnZXMvUy9hcGx1cy1tZWRpYS9zb3RhLzQ3NjUxYWQxLTRlNzgtNDc5ZS04Mzk4LTI4YTgwZTMyNTgxMC5fX0NSNjAsODQsMTY2NCw1MTVfUFQwX1NYOTcwX1YxX19fLmpwZyIgYWx0PSIiIGRhdGEtc3JjPSJodHRwczovL20ubWVkaWEtYW1hem9uLmNvbS9pbWFnZXMvUy9hcGx1cy1tZWRpYS9zb3RhLzQ3NjUxYWQxLTRlNzgtNDc5ZS04Mzk4LTI4YTgwZTMyNTgxMC5fX0NSNjAsODQsMTY2NCw1MTVfUFQwX1NYOTcwX1YxX19fLmpwZyI+PC9kaXY+DQo8L2Rpdj4NCjwvZGl2Pg0KPGRpdj4mbmJzcDs8L2Rpdj4NCjwvZGl2Pg0KPGRpdiBkYXRhLWNlbC13aWRnZXQ9ImFwbHVzLW1vZHVsZS0xMiIgZGF0YS1jc2EtYy1pZD0iYms0NzVoLXd5ejcydi13OXRhZWctZjBpMGh5Ij4NCjxkaXY+DQo8ZGl2Pg0KPGRpdj48aW1nIHNyYz0iaHR0cHM6Ly9tLm1lZGlhLWFtYXpvbi5jb20vaW1hZ2VzL1MvYXBsdXMtbWVkaWEvc290YS9hYzBmZTc1Ny05NzZjLTQxMWItOGU0ZC0yYjhiNzdmZWVjYWYuX19DUjE3NywyMDksMTYyOCw1MDRfUFQwX1NYOTcwX1YxX19fLmpwZyIgYWx0PSIiIGRhdGEtc3JjPSJodHRwczovL20ubWVkaWEtYW1hem9uLmNvbS9pbWFnZXMvUy9hcGx1cy1tZWRpYS9zb3RhL2FjMGZlNzU3LTk3NmMtNDExYi04ZTRkLTJiOGI3N2ZlZWNhZi5fX0NSMTc3LDIwOSwxNjI4LDUwNF9QVDBfU1g5NzBfVjFfX18uanBnIj48L2Rpdj4NCjwvZGl2Pg0KPC9kaXY+DQo8ZGl2PiZuYnNwOzwvZGl2Pg0KPC9kaXY+DQo8ZGl2IGRhdGEtY2VsLXdpZGdldD0iYXBsdXMtM3AtbW9kdWxlLWIiIGRhdGEtY3NhLWMtaWQ9InVncnVjMi1sMW45b3EtY2VlNGdpLXpmZWY0NyI+DQo8ZGl2PjxpbWcgc3JjPSJodHRwczovL20ubWVkaWEtYW1hem9uLmNvbS9pbWFnZXMvUy9hcGx1cy1tZWRpYS9zb3RhLzZiN2FjOTgzLTQ0MDAtNGU0MS04ZWM0LTYyZGE1OWUyNDFlZS5fX0NSMTE0LDAsMTg1MywxMTQ2X1BUMF9TWDk3MF9WMV9fXy5qcGciIGFsdD0iIiBkYXRhLXNyYz0iaHR0cHM6Ly9tLm1lZGlhLWFtYXpvbi5jb20vaW1hZ2VzL1MvYXBsdXMtbWVkaWEvc290YS82YjdhYzk4My00NDAwLTRlNDEtOGVjNC02MmRhNTllMjQxZWUuX19DUjExNCwwLDE4NTMsMTE0Nl9QVDBfU1g5NzBfVjFfX18uanBnIj48L2Rpdj4NCjwvZGl2Pg=='),(31,2,2,9,'ASUS Dual NVIDIA GeForce RTX 3050 OC Edition','2023-07-13',200,'150',98,_binary 'PHRhYmxlIGlkPSJwcm9kdWN0RGV0YWlsc190ZWNoU3BlY19zZWN0aW9uXzEiIHJvbGU9InByZXNlbnRhdGlvbiI+DQo8dGJvZHk+DQo8dHI+DQo8dGg+TWFyY2E8L3RoPg0KPHRkPiZscm07QVNVUzwvdGQ+DQo8L3RyPg0KPHRyPg0KPHRoPlByb2R1dHRvcmU8L3RoPg0KPHRkPiZscm07QVNVUyBUZWNobm9sb2d5IEhvbGxhbmQgQi5WLjwvdGQ+DQo8L3RyPg0KPHRyPg0KPHRoPnNlcmllPC90aD4NCjx0ZD4mbHJtO0RVQUwtUlRYMzA1MC1POEc8L3RkPg0KPC90cj4NCjx0cj4NCjx0aD5jb2xvcmU8L3RoPg0KPHRkPiZscm07TmVybzwvdGQ+DQo8L3RyPg0KPHRyPg0KPHRoPkRpbWVuc2lvbmkgcHJvZG90dG88L3RoPg0KPHRkPiZscm07MjAgeCAxMiwzIHggMyw4IGNtOyA1NTAgZ3JhbW1pPC90ZD4NCjwvdHI+DQo8dHI+DQo8dGg+UGlsZTwvdGg+DQo8dGQ+JmxybTsxIElvbmkgZGkgbGl0aW8gKFRpcG8gZGkgcGlsYSBuZWNlc3NhcmlhKTwvdGQ+DQo8L3RyPg0KPHRyPg0KPHRoPk51bWVybyBtb2RlbGxvIGFydGljb2xvPC90aD4NCjx0ZD4mbHJtOzkwWVYwSEgwLU0wTkEwMDwvdGQ+DQo8L3RyPg0KPHRyPg0KPHRoPkZhdHRvcmUgZGkgZm9ybWE8L3RoPg0KPHRkPiZscm07QmFyPC90ZD4NCjwvdHI+DQo8dHI+DQo8dGg+Umlzb2x1emlvbmU8L3RoPg0KPHRkPiZscm07NzY4MCB4IDQzMjAgUGl4ZWw8L3RkPg0KPC90cj4NCjx0cj4NCjx0aD5DbG9jayBkaSBNZW1vcmlhPC90aD4NCjx0ZD4mbHJtOzE0NDAgTUh6PC90ZD4NCjwvdHI+DQo8dHI+DQo8dGg+Q29wcm9jZXNzb3JlIGdyYWZpY288L3RoPg0KPHRkPiZscm07TlZJRElBIEdlRm9yY2UgUlRYIDMwNTA8L3RkPg0KPC90cj4NCjx0cj4NCjx0aD5HcmFmaWNhIENoaXBzZXQgQnJhbmQ8L3RoPg0KPHRkPiZscm07TlZJRElBPC90ZD4NCjwvdHI+DQo8dHI+DQo8dGg+RGVzY3JpemlvbmUgc2NoZWRhIGdyYWZpY2E8L3RoPg0KPHRkPiZscm07RGVkaWNhdGE8L3RkPg0KPC90cj4NCjx0cj4NCjx0aD5UaXBvIG1lbW9yaWEgc2NoZWRhIGdyYWZpY2E8L3RoPg0KPHRkPiZscm07R0REUjY8L3RkPg0KPC90cj4NCjx0cj4NCjx0aD5EaW1lbnNpb25pIG1lbW9yaWEgc2NoZWRhIGdyYWZpY2E8L3RoPg0KPHRkPiZscm07OCBHQjwvdGQ+DQo8L3RyPg0KPHRyPg0KPHRoPkludGVyZmFjY2lhIHNjaGVkYSBncmFmaWNhPC90aD4NCjx0ZD4mbHJtO1BDSS1FeHByZXNzIHg0PC90ZD4NCjwvdHI+DQo8dHI+DQo8dGg+V2F0dGFnZ2lvPC90aD4NCjx0ZD4mbHJtOzU1MCB3YXR0PC90ZD4NCjwvdHI+DQo8dHI+DQo8dGg+TGUgYmF0dGVyaWUgc29ubyBpbmNsdXNlPC90aD4NCjx0ZD4mbHJtO05vPC90ZD4NCjwvdHI+DQo8dHI+DQo8dGg+Q2FwYWNpdCZhZ3JhdmU7IGRlbGxhIGJhdHRlcmlhIGFsIGxpdGlvPC90aD4NCjx0ZD4mbHJtOzIgS2lsb3dhdHRvcmE8L3RkPg0KPC90cj4NCjx0cj4NCjx0aD5Db25mZXppb25lIGRlbGxhIGJhdHRlcmlhIGFsIGxpdGlvPC90aD4NCjx0ZD4mbHJtO0JhdHRlcmllIGltYmFsbGF0ZSBjb24gbCdhcHBhcmVjY2hpYXR1cmE8L3RkPg0KPC90cj4NCjx0cj4NCjx0aD5QZXNvIGRlbGxhIGJhdHRlcmlhIGFsIGxpdGlvPC90aD4NCjx0ZD4mbHJtOzIgR3JhbW1pPC90ZD4NCjwvdHI+DQo8dHI+DQo8dGg+TnVtZXJvIGRlbGxlIGNlbGxlIGFnbGkgaW9uaSBkaSBsaXRpbzwvdGg+DQo8dGQ+JmxybTs1PC90ZD4NCjwvdHI+DQo8dHI+DQo8dGg+TnVtZXJvIGRlbGxlIGNlbGxlIGFpIG1ldGFsbGkgZGkgbGl0aW88L3RoPg0KPHRkPiZscm07NTwvdGQ+DQo8L3RyPg0KPHRyPg0KPHRoPlBlc28gYXJ0aWNvbG88L3RoPg0KPHRkPiZscm07NTUwIGc8L3RkPg0KPC90cj4NCjx0cj4NCjx0aD5BZ2dpb3JuYW1lbnRpIHNvZnR3YXJlIGdhcmFudGl0aSBmaW5vIGE8L3RoPg0KPHRkPiZscm07c2Nvbm9zY2l1dG88L3RkPg0KPC90cj4NCjwvdGJvZHk+DQo8L3RhYmxlPg=='),(32,2,2,9,'ASUS ROG Strix RTX 2060 EVO Scheda Grafica 6GB GDDR6 192bit','2023-07-13',400,'300',100,_binary 'PGRpdiBkYXRhLWNlbC13aWRnZXQ9ImFwbHVzLW1vZHVsZS0xIiBkYXRhLWNzYS1jLWlkPSIzZXdwcnEteG1tbjV6LWR6YmxybS01bW9od2YiPg0KPGRpdj4NCjxkaXY+DQo8ZGl2Pg0KPGRpdj4NCjxkaXY+PGltZyBzcmM9Imh0dHBzOi8vbS5tZWRpYS1hbWF6b24uY29tL2ltYWdlcy9TL2FwbHVzLW1lZGlhL3ZjL2RiNzljNmUwLThlODMtNDg3OS1iN2FkLWYxM2Q2NDFjMWMwOC5fX0NSMCwwLDM1MCwxNzVfUFQwX1NYMzUwX1YxX19fLmpwZyIgYWx0PSJBc2lhIiBkYXRhLXNyYz0iaHR0cHM6Ly9tLm1lZGlhLWFtYXpvbi5jb20vaW1hZ2VzL1MvYXBsdXMtbWVkaWEvdmMvZGI3OWM2ZTAtOGU4My00ODc5LWI3YWQtZjEzZDY0MWMxYzA4Ll9fQ1IwLDAsMzUwLDE3NV9QVDBfU1gzNTBfVjFfX18uanBnIj4NCjxwPkFTVVMgJmVncmF2ZTsgdW5vIGRlaSAiV29ybGQncyBNb3N0IEFkbWlyZWQgQ29tcGFuaWVzIiBkZWxsYSBGb3J0dW5lIE1hZ2F6aW5lIGVkICZlZ3JhdmU7IHVubyBkZWkgbWFyY2hpIGxlYWRlciBtb25kaWFsaSBkaSBzY2hlZGUgbWFkcmkgZSBnYW1pbmcgZSB0cmEgaSB0cmUgZm9ybml0b3JpIGRpIG5vdGVib29rIENvbnN1bWVyLiBBU1VTIHNpIGRlZGljYSBhbGxvIHN2aWx1cHBvIGRpIHByb2RvdHRpIGRpIGFsdGEgcXVhbGl0JmFncmF2ZTsgcGVyIHVuYSB2aXRhIGludGVsbGlnZW50ZSBkZWwgZnV0dXJvLCBwZXIgbG8gc3ZpbHVwcG8gZSBsYSBwcm9kdXppb25lIGRpIHByb2RvdHRpIHBlcmZldHRhbWVudGUgYWRhdHRhdGkgYWxsZSBlc2lnZW56ZSBkaSBjYXNhIGRpZ2l0YWxlLCB1ZmZpY2kgZSB1dGVudGkgcHJpdmF0aS48L3A+DQo8L2Rpdj4NCjwvZGl2Pg0KPGRpdj4NCjxoMz5BU1VTIERVQUwtUlRYMjA2MC02Ry1FVk88L2gzPg0KPGg0PkFTVVMgRHVhbCBHZUZvcmNlIFJUWCAyMDYwIEVWTyA2R0IgR0REUjYgY29uIGxhIG51b3ZhIGFyY2hpdGV0dHVyYSBHUFUgTlZJRElBLjwvaDQ+DQo8ZGl2Pg0KPGRpdj4NCjxkaXY+DQo8dWw+DQo8bGk+TCdhcmNoaXRldHR1cmEgR1BVIE5WSURJQSBUdXJpbmcgZSBsYSBwaWF0dGFmb3JtYSBSVFggb2Zmcm9ubyBwcmVzdGF6aW9uaSBmaW5vIGEgNiB2b2x0ZSBzdXBlcmlvcmkgcmlzcGV0dG8gYWxsZSBzY2hlZGUgZ3JhZmljaGUgZGVsbGEgZ2VuZXJhemlvbmUgcHJlY2VkZW50ZTwvbGk+DQo8bGk+RGlyZWN0WCAxMiBjb25zZW50ZSBudW92aSBlZmZldHRpIGdyYWZpY2kgZSB0ZWNuaWNoZSBkaSByZXNhIHBlciB1bidlc3BlcmllbnphIGRpIGdpb2NvIGVzdHJlbWFtZW50ZSByZWFsaXN0aWNhLjwvbGk+DQo8bGk+UmVnaXN0cmEgZSBjb25kaXZpZGkgY29uIGdsaSBhbWljaSBkaSB2aWRlbyBkaSBnaW9jbyBhZCBhbHRhIHJpc29sdXppb25lLCBzY3JlZW5zaG90IGUgbGl2ZSBzdHJlYW1zLjwvbGk+DQo8bGk+SWwgZGVzaWduIGRlbGxhIHZlbnRvbGEgQXhpYWwtVGVjaCBvZmZyZSBncmFuZGkgcGFsZSBlIHVuIGFuZWxsbyBkaSBibG9jY2FnZ2lvIHVuaWNvIHBlciBhdW1lbnRhcmUgbGEgcHJlc3Npb25lIGRlbGwnYXJpYS48L2xpPg0KPGxpPkxhIHRlY25vbG9naWEgQXV0by1FeHRyZW1lIHV0aWxpenphIHRlY25pY2hlIGRpIGF1dG9tYXppb25lIHBlciBhdW1lbnRhcmUgbCdhZmZpZGFiaWxpdCZhZ3JhdmU7LjwvbGk+DQo8bGk+U3VwZXIgQWxsb3kgUG93ZXIgSUkgaW5jbHVkZSBib2JpbmUgaW4gbGVnYSBkaSBhbHRhIHF1YWxpdCZhZ3JhdmU7LCBjb25kZW5zYXRvcmkgYSBwb2xpbWVybyBzb2xpZG8gZSB1bmEgc2VyaWUgZGkgbGl2ZWxsaSBkaSBwb3RlbnphIGFkIGFsdGEgY29ycmVudGUuPC9saT4NCjwvdWw+DQo8L2Rpdj4NCjwvZGl2Pg0KPC9kaXY+DQo8L2Rpdj4NCjwvZGl2Pg0KPC9kaXY+DQo8L2Rpdj4NCjxkaXY+Jm5ic3A7PC9kaXY+DQo8L2Rpdj4NCjxkaXYgZGF0YS1jZWwtd2lkZ2V0PSJhcGx1cy1tb2R1bGUtOSIgZGF0YS1jc2EtYy1pZD0iMm9zcjVmLWcxNTRuNC0zNXBtem8tM3RobXliIj4NCjxkaXY+DQo8ZGl2Pg0KPHRhYmxlPg0KPHRib2R5Pg0KPHRyPg0KPHRoPg0KPGRpdj4NCjxwPjxpbWcgc3JjPSJodHRwczovL20ubWVkaWEtYW1hem9uLmNvbS9pbWFnZXMvUy9hcGx1cy1tZWRpYS92Yy8zZWM3YWNiNS1iNDVhLTRkZGEtYjIzMC1iYzEyZThmM2Q1ODkuX19DUjAsMCwzMDAsMzAwX1BUMF9TWDMwMF9WMV9fXy5qcGciIGFsdD0iMSIgZGF0YS1zcmM9Imh0dHBzOi8vbS5tZWRpYS1hbWF6b24uY29tL2ltYWdlcy9TL2FwbHVzLW1lZGlhL3ZjLzNlYzdhY2I1LWI0NWEtNGRkYS1iMjMwLWJjMTJlOGYzZDU4OS5fX0NSMCwwLDMwMCwzMDBfUFQwX1NYMzAwX1YxX19fLmpwZyI+PC9wPg0KPC9kaXY+DQo8L3RoPg0KPHRoPg0KPGRpdj4NCjxwPjxpbWcgc3JjPSJodHRwczovL20ubWVkaWEtYW1hem9uLmNvbS9pbWFnZXMvUy9hcGx1cy1tZWRpYS92Yy9jYzhiNDg0OC01ZDViLTQ2MDAtYTI5YS03NzEyYTUxZjgzZDIuX19DUjAsMCwzMDAsMzAwX1BUMF9TWDMwMF9WMV9fXy5qcGciIGFsdD0iMyIgZGF0YS1zcmM9Imh0dHBzOi8vbS5tZWRpYS1hbWF6b24uY29tL2ltYWdlcy9TL2FwbHVzLW1lZGlhL3ZjL2NjOGI0ODQ4LTVkNWItNDYwMC1hMjlhLTc3MTJhNTFmODNkMi5fX0NSMCwwLDMwMCwzMDBfUFQwX1NYMzAwX1YxX19fLmpwZyI+PC9wPg0KPC9kaXY+DQo8L3RoPg0KPHRoPg0KPGRpdj4NCjxwPjxpbWcgc3JjPSJodHRwczovL20ubWVkaWEtYW1hem9uLmNvbS9pbWFnZXMvUy9hcGx1cy1tZWRpYS92Yy9iMWU5MjRhMS00ZmVmLTQ1NjktYTI3My0wYmZiNTQ3NmVhMmUuX19DUjAsMCwzMDAsMzAwX1BUMF9TWDMwMF9WMV9fXy5qcGciIGFsdD0iNCIgZGF0YS1zcmM9Imh0dHBzOi8vbS5tZWRpYS1hbWF6b24uY29tL2ltYWdlcy9TL2FwbHVzLW1lZGlhL3ZjL2IxZTkyNGExLTRmZWYtNDU2OS1hMjczLTBiZmI1NDc2ZWEyZS5fX0NSMCwwLDMwMCwzMDBfUFQwX1NYMzAwX1YxX19fLmpwZyI+PC9wPg0KPC9kaXY+DQo8L3RoPg0KPC90cj4NCjx0cj4NCjx0ZD4NCjxkaXY+DQo8aDQ+VmVudG9sYSBhc3NpYWxlIFRlY2g8L2g0Pg0KPHA+SWwgRHVhbCAyMDYwIEVWTyAmZWdyYXZlOyBkb3RhdG8gZGkgZHVlIHBvdGVudGkgdmVudG9sZSBhc3NpYWxpIFRlY2guIFF1ZXN0ZSB2ZW50b2xlIHNvbm8gc3RhdGUgcmlwcm9nZXR0YXRlIHBlciBsZSBzY2hlZGUgZ3JhZmljaGUgUk9HIGRpIHVsdGltYSBnZW5lcmF6aW9uZSBlIGRpc3Bvbmdvbm8gZGkgdW4gbW96em8gcGkmdWdyYXZlOyBwaWNjb2xvIHBlciBsZSBsYW1lIHBpJnVncmF2ZTsgbHVuZ2hlIGUgdW4gYW5lbGxvIGRpIGJsb2NjYWdnaW8gcGVyIGF1bWVudGFyZSBsYSBwcmVzc2lvbmUgZGVsbCdhcmlhIHZlcnNvIGlsIGJhc3NvLjwvcD4NCjwvZGl2Pg0KPC90ZD4NCjx0ZD4NCjxkaXY+DQo8aDQ+VGVjbm9sb2dpYSAwIGRCPC9oND4NCjxwPlVuIGNvbnRyb2xsZXIgaW50ZWdyYXRvIGF2YW56YXRvIGZhIGZlcm1hcmUgbGUgdmVudG9sZSBxdWFuZG8gbGEgdGVtcGVyYXR1cmEgaW50ZXJuYSBkZWxsYSBHUFUgc2NlbmRlIHNvdHRvIGkgNTUgZ3JhZGkgY2VudGlncmFkaSwgY29zJmlncmF2ZTsgcG90cmV0ZSBnb2RlcmUgZGkgZ2lvY2hpIG1lbm8gaW1wZWduYXRpdmkgaW4gbW9kbyBwaWFjZXZvbGUuIE5vbiBhcHBlbmEgbGEgdGVtcGVyYXR1cmEgc3VwZXJhIHVuIGxpbWl0ZSBwcmVkZWZpbml0bywgbGUgdmVudG9sZSByaWF0dGl2YW5vIGF1dG9tYXRpY2FtZW50ZS48L3A+DQo8L2Rpdj4NCjwvdGQ+DQo8dGQ+DQo8ZGl2Pg0KPGg0PlBpYXN0cmEgcHJvdGV0dGl2YSBwb3N0ZXJpb3JlPC9oND4NCjxwPkxhIHNjaGVkYSBkaSBjaXJjdWl0byBzdGFtcGF0byBEdWFsIEdlRm9yY2UgUlRYIDIwNjAgRVZPICZlZ3JhdmU7IHJpbmZvcnphdGEgZGEgdW5hIHBpYXN0cmEgcG9zdGVyaW9yZSBpbiBhbGx1bWluaW8gY2hlIGdhcmFudGlzY2UgdW5hIG1hZ2dpb3JlIHN0YWJpbGl0JmFncmF2ZTssIGV2aXRhbmRvIGNoZSBpbCBjaXJjdWl0byBzdGFtcGF0byBzaSBwaWVnaGkgZSBwcm90ZWdnZSBjb21wb25lbnRpIGUgY2lyY3VpdGkgc3RhbXBhdGkgZGEgZXZlbnR1YWxpIGRhbm5pLjwvcD4NCjwvZGl2Pg0KPC90ZD4NCjwvdHI+DQo8L3Rib2R5Pg0KPC90YWJsZT4NCjwvZGl2Pg0KPC9kaXY+DQo8ZGl2PiZuYnNwOzwvZGl2Pg0KPC9kaXY+DQo8ZGl2IGRhdGEtY2VsLXdpZGdldD0iYXBsdXMtbW9kdWxlLTkiIGRhdGEtY3NhLWMtaWQ9ImZvYnRoMC12cnRyMnotaHI1cWZ3LThtNGpkYiI+DQo8ZGl2Pg0KPGRpdj4NCjx0YWJsZT4NCjx0Ym9keT4NCjx0cj4NCjx0aD4NCjxkaXY+DQo8cD48aW1nIHNyYz0iaHR0cHM6Ly9tLm1lZGlhLWFtYXpvbi5jb20vaW1hZ2VzL1MvYXBsdXMtbWVkaWEvdmMvZTYwZDNhZWQtNjQwMC00NDhlLTkxNWQtODllODRmOGMxN2QyLl9fQ1IwLDAsMzAwLDMwMF9QVDBfU1gzMDBfVjFfX18uanBnIiBhbHQ9IjMiIGRhdGEtc3JjPSJodHRwczovL20ubWVkaWEtYW1hem9uLmNvbS9pbWFnZXMvUy9hcGx1cy1tZWRpYS92Yy9lNjBkM2FlZC02NDAwLTQ0OGUtOTE1ZC04OWU4NGY4YzE3ZDIuX19DUjAsMCwzMDAsMzAwX1BUMF9TWDMwMF9WMV9fXy5qcGciPjwvcD4NCjwvZGl2Pg0KPC90aD4NCjx0aD4NCjxkaXY+DQo8cD48aW1nIHNyYz0iaHR0cHM6Ly9tLm1lZGlhLWFtYXpvbi5jb20vaW1hZ2VzL1MvYXBsdXMtbWVkaWEvdmMvMTA3ZDMwODktNWQwOC00YzMzLTg3MTQtOTUyZDVmMDdhOGZmLl9fQ1IwLDAsMzAwLDMwMF9QVDBfU1gzMDBfVjFfX18uanBnIiBhbHQ9IjQiIGRhdGEtc3JjPSJodHRwczovL20ubWVkaWEtYW1hem9uLmNvbS9pbWFnZXMvUy9hcGx1cy1tZWRpYS92Yy8xMDdkMzA4OS01ZDA4LTRjMzMtODcxNC05NTJkNWYwN2E4ZmYuX19DUjAsMCwzMDAsMzAwX1BUMF9TWDMwMF9WMV9fXy5qcGciPjwvcD4NCjwvZGl2Pg0KPC90aD4NCjx0aD4NCjxkaXY+DQo8cD48aW1nIHNyYz0iaHR0cHM6Ly9tLm1lZGlhLWFtYXpvbi5jb20vaW1hZ2VzL1MvYXBsdXMtbWVkaWEvdmMvNmE5ZTJiNzAtYjUwZS00MGI1LTllNTEtNzc3NjBmM2Y4MmNiLl9fQ1IwLDAsMzAwLDMwMF9QVDBfU1gzMDBfVjFfX18uanBnIiBhbHQ9IjUiIGRhdGEtc3JjPSJodHRwczovL20ubWVkaWEtYW1hem9uLmNvbS9pbWFnZXMvUy9hcGx1cy1tZWRpYS92Yy82YTllMmI3MC1iNTBlLTQwYjUtOWU1MS03Nzc2MGYzZjgyY2IuX19DUjAsMCwzMDAsMzAwX1BUMF9TWDMwMF9WMV9fXy5qcGciPjwvcD4NCjwvZGl2Pg0KPC90aD4NCjwvdHI+DQo8dHI+DQo8dGQ+DQo8ZGl2Pg0KPGg0PlRlY25vbG9naWEgQXV0byBFeHRyZW1lPC9oND4NCjxwPlR1dHRlIGxlIHNjaGVkZSBncmFmaWNoZSBST0cgU3RyaXggc29ubyByZWFsaXp6YXRlIGNvbiBsYSB0ZWNub2xvZ2lhIEF1dG8tRXh0cmVtZWUsIHVuIHByb2Nlc3NvIGRpIHByb2R1emlvbmUgYXV0b21hdGl6emF0byBjaGUgc3RhYmlsaXNjZSBudW92aSBzdGFuZGFyZCBuZWwgc2V0dG9yZSBlc2VndWVuZG8gdHV0dGkgaSBsYXZvcmkgZGkgc2FsZGF0dXJhIGluIHVuYSBzb2xhIG9wZXJhemlvbmUuIFF1ZXN0byByaWR1Y2UgbGEgY2FyaWNhIHRlcm1pY2EgY2hlIGkgY29tcG9uZW50aSBzb25vIGVzcG9zdGkgZSByZW5kZSBzdXBlcmZsdW8gbCd1c28gZGkgZGV0ZXJnZW50aSBhZ2dyZXNzaXZpLiBRdWVzdG8gcG9ydGEgYSB1biBtaWdsaW9yZSBlcXVpbGlicmlvIGFtYmllbnRhbGUsIHJpZHVjZSBpbCBjb25zdW1vIGRpIGVuZXJnaWEgbmVsbGEgcHJvZHV6aW9uZSBlIGdhcmFudGlzY2UgdW4gcHJvZG90dG8gY29tcGxlc3Npdm8gcGkmdWdyYXZlOyBhZmZpZGFiaWxlLjwvcD4NCjwvZGl2Pg0KPC90ZD4NCjx0ZD4NCjxkaXY+DQo8aDQ+U3VwZXIgQWxsb3kgUG93ZXIgSUk8L2g0Pg0KPHA+UGVyIHNvZGRpc2ZhcmUgbGUgZGl2ZXJzZSBlc2lnZW56ZSBkaSBnaW9jbyBlIGFwcGxpY2F6aW9uaSwgbCdhcmNoaXRldHR1cmEgdHVyaW5nICZlZ3JhdmU7IGluIGdyYWRvIGRpIHJlZ29sYXJlIGxhIHZlbG9jaXQmYWdyYXZlOyBpbiBmcmF6aW9uZSBkaSB1biBzZWNvbmRvLiBQZXIgcXVlc3RvICZlZ3JhdmU7IG5lY2Vzc2FyaWEgdW4nYWxpbWVudGF6aW9uZSBjaGUgYWJiaWEgYW5jaGUgbGUgcmlzZXJ2ZSBuZWNlc3NhcmllIHNlIGltcHJvdnZpc2FtZW50ZSB2aWVuZSByaWNoaWFtYXRhIGxhIHBpZW5hIHBvdGVuemEuIENvbmRlbnNhdG9yaSBkaSBhbHRhIHF1YWxpdCZhZ3JhdmU7LCBsaXZlbGxpIGRpIHBvdGVuemEgRHJNTyBlIGJvYmluZSBjb24gYW5pbWEgaW4gbWV0YWxsbyBzb25vIGluIGdyYWRvIGRpIHJhZ2dpdW5nZXJlIGxlIG1hc3NpbWUgcHJlc3RhemlvbmkuPC9wPg0KPC9kaXY+DQo8L3RkPg0KPHRkPg0KPGRpdj4NCjxoND5HUFUgVHdlYWsgSUk8L2g0Pg0KPHA+TGEgc2NoZWRhIGdyYWZpY2EgQVNVUyBHUFUgVHdlYWsgSUkgVXRpbGl0eSBhdW1lbnRhIGxlIHByZXN0YXppb25pIGRlbGxhIHNjaGVkYSBncmFmaWNhIGFsIGxpdmVsbG8gc3VjY2Vzc2l2by4gSWwgc29mdHdhcmUgdGkgb2ZmcmUgbGEgcG9zc2liaWxpdCZhZ3JhdmU7IGRpIG90dGltaXp6YXJlIGkgcGFyYW1ldHJpIGltcG9ydGFudGkgY29tZSBpbCBjb3JlIEdQVSwgbGEgZnJlcXVlbnphIGRpIG1lbW9yaWEsIGxlIGltcG9zdGF6aW9uaSBkaSB0ZW5zaW9uZSBlIGFsdHJvIGFuY29yYSwgZSBtb25pdG9yYXJlIHR1dHRvIGluIHRlbXBvIHJlYWxlIHRyYW1pdGUgdW4gZGlzcGxheSBPbi1TY3JlZW4gcGVyc29uYWxpenphYmlsZS4gRGFsbGEgcmVnb2xhemlvbmUgcHJlY2lzYSBkZWxsZSBwcmVzdGF6aW9uaSBmaW5vIGFsIGNvbnRyb2xsbyBhdmFuemF0byBkZWxsYSB2ZW50b2xhLCBHUFUgVHdlYWsgSUkgb2ZmcmUgdHV0dGkgZ2xpIHN0cnVtZW50aSBuZWNlc3NhcmkgcGVyIG90dGVuZXJlIGlsIG1hc3NpbW8gZGFsbGEgc2NoZWRhIGdyYWZpY2EuPC9wPg0KPC9kaXY+DQo8L3RkPg0KPC90cj4NCjwvdGJvZHk+DQo8L3RhYmxlPg0KPC9kaXY+DQo8L2Rpdj4NCjxkaXY+Jm5ic3A7PC9kaXY+DQo8L2Rpdj4NCjxkaXYgZGF0YS1jZWwtd2lkZ2V0PSJhcGx1cy1tb2R1bGUtNCIgZGF0YS1jc2EtYy1pZD0idWloOGR4LWVuYndkeC1weW1lYTMtMXN5cDk1Ij4NCjxkaXY+DQo8ZGl2Pg0KPGRpdj4NCjxkaXY+DQo8dGFibGU+DQo8dGJvZHk+DQo8dHI+DQo8dGg+DQo8ZGl2Pg0KPHA+PGltZyBzcmM9Imh0dHBzOi8vbS5tZWRpYS1hbWF6b24uY29tL2ltYWdlcy9TL2FwbHVzLW1lZGlhL3ZjL2RiODlkYmQ5LTE5NWUtNDVkNS1hMzVlLWQzYzlkYTQ0NGUzMi5fX0NSMTU1LDAsMzk4LDM5OF9QVDBfU1gyMjBfVjFfX18uanBnIiBhbHQ9IjEiIGRhdGEtc3JjPSJodHRwczovL20ubWVkaWEtYW1hem9uLmNvbS9pbWFnZXMvUy9hcGx1cy1tZWRpYS92Yy9kYjg5ZGJkOS0xOTVlLTQ1ZDUtYTM1ZS1kM2M5ZGE0NDRlMzIuX19DUjE1NSwwLDM5OCwzOThfUFQwX1NYMjIwX1YxX19fLmpwZyI+PC9wPg0KPC9kaXY+DQo8L3RoPg0KPHRoPg0KPGRpdj4NCjxwPjxpbWcgc3JjPSJodHRwczovL20ubWVkaWEtYW1hem9uLmNvbS9pbWFnZXMvUy9hcGx1cy1tZWRpYS92Yy83ZTdiOGJiZi02MmQxLTRkNzEtOWU0ZC01NDkxN2MyNjJlMGMuX19DUjE1NiwwLDQwMCw0MDBfUFQwX1NYMjIwX1YxX19fLmpwZyIgYWx0PSIzIiBkYXRhLXNyYz0iaHR0cHM6Ly9tLm1lZGlhLWFtYXpvbi5jb20vaW1hZ2VzL1MvYXBsdXMtbWVkaWEvdmMvN2U3YjhiYmYtNjJkMS00ZDcxLTllNGQtNTQ5MTdjMjYyZTBjLl9fQ1IxNTYsMCw0MDAsNDAwX1BUMF9TWDIyMF9WMV9fXy5qcGciPjwvcD4NCjwvZGl2Pg0KPC90aD4NCjx0aD4NCjxkaXY+DQo8cD48aW1nIHNyYz0iaHR0cHM6Ly9tLm1lZGlhLWFtYXpvbi5jb20vaW1hZ2VzL1MvYXBsdXMtbWVkaWEvdmMvOTM3NTgxNzQtM2MyZi00N2EyLWE4YjktNDY1NzRmYmQ1OTI0Ll9fQ1IxNTYsMCw0MDAsNDAwX1BUMF9TWDIyMF9WMV9fXy5qcGciIGFsdD0iNCIgZGF0YS1zcmM9Imh0dHBzOi8vbS5tZWRpYS1hbWF6b24uY29tL2ltYWdlcy9TL2FwbHVzLW1lZGlhL3ZjLzkzNzU4MTc0LTNjMmYtNDdhMi1hOGI5LTQ2NTc0ZmJkNTkyNC5fX0NSMTU2LDAsNDAwLDQwMF9QVDBfU1gyMjBfVjFfX18uanBnIj48L3A+DQo8L2Rpdj4NCjwvdGg+DQo8dGg+DQo8ZGl2Pg0KPHA+PGltZyBzcmM9Imh0dHBzOi8vbS5tZWRpYS1hbWF6b24uY29tL2ltYWdlcy9TL2FwbHVzLW1lZGlhL3ZjL2MxNjE3N2MyLTQ2OTAtNGE1NC04MjBhLWE0NjZhMTFhY2M3OC5fX0NSMTU2LDAsNDAwLDQwMF9QVDBfU1gyMjBfVjFfX18uanBnIiBhbHQ9IjMiIGRhdGEtc3JjPSJodHRwczovL20ubWVkaWEtYW1hem9uLmNvbS9pbWFnZXMvUy9hcGx1cy1tZWRpYS92Yy9jMTYxNzdjMi00NjkwLTRhNTQtODIwYS1hNDY2YTExYWNjNzguX19DUjE1NiwwLDQwMCw0MDBfUFQwX1NYMjIwX1YxX19fLmpwZyI+PC9wPg0KPC9kaXY+DQo8L3RoPg0KPC90cj4NCjx0cj4NCjx0ZD4NCjxkaXY+DQo8aDQ+UG90ZW56YTo8L2g0Pg0KPHA+SSBHUFUgZGEgZ2lvY28gR2VGb3JjZSBSVFggc29ubyBwaWVuYW1lbnRlIGVxdWlwYWdnaWF0aSBjb24gbWVtb3JpYSBHRERSNiBkaSB1bHRpbWEgZ2VuZXJhemlvbmUsIHN1cHBvcnRhbm8gbGUgZnVuemlvbmkgRGlyZWN0WCAxMiBlIG1vbHRvIGFsdHJvIGFuY29yYS48L3A+DQo8L2Rpdj4NCjwvdGQ+DQo8dGQ+DQo8ZGl2Pg0KPGg0PkRyaXZlciBHYW1lIFJlYWR5PC9oND4NCjxwPkEgcGFydGlyZSBkYWwgcHJpbW8gc2Vjb25kbyBuZWwgZ2lvY28gc2NvcHJpIGxlIG1hc3NpbWUgcHJlc3RhemlvbmkgZSB1bidlc3BlcmllbnphIGRpIGdpb2NvIGVzdHJlbWFtZW50ZSBmbHVpZGEuPC9wPg0KPC9kaXY+DQo8L3RkPg0KPHRkPg0KPGRpdj4NCjxoND5UZWNub2xvZ2llIGRpIGdpb2NvIGlubm92YXRpdmU8L2g0Pg0KPHA+T3R0aWVuaSBsZSBhdHR1YWxpIHRlY25vbG9naWUgTlZJRElBIEdhbWVXb3JrcyBwZXIgZ2FtZXBsYXksIGdyYWZpY2EgY2lub3Jpb3NhIGUgaW5ub3ZhdGl2aSBob3RzIHRvdWNoc2NyZWVuIGEgMzYwJmRlZzsgYW5jaGUgaW4gcmVhbHQmYWdyYXZlOyB2aXJ0dWFsZS4gU2ZydXR0YSBsYSBwb3RlbnphIHBlciBsZSB0ZWNub2xvZ2llIGRpIHZpc3VhbGl6emF6aW9uZSBwaSZ1Z3JhdmU7IHJlY2VudGkgY29tZSBWUiwgVWx0cmEgSEQgZSBzaXN0ZW1pIG11bHRpLWRpc3BsYXkuPC9wPg0KPC9kaXY+DQo8L3RkPg0KPHRkPg0KPGRpdj4NCjxoND5WUiBSZWFkeTwvaDQ+DQo8cD5HcmF6aWUgYWxsYSB0ZWNub2xvZ2lhIE5WSURJQSBWUldvcmtzLCBzY29wcmkgbGUgcHJlc3RhemlvbmkgVlIgZGkgdWx0aW1hIGdlbmVyYXppb25lLCBsYXRlbnphIGVzdHJlbWFtZW50ZSBiYXNzYSBlIGNvbXBhdGliaWxpdCZhZ3JhdmU7IHBsdWcgYW5kIHBsYXkgY29uIGxlIGN1ZmZpZSBsZWFkZXIgbmVsIHNldHRvcmUuIEF1ZGlvIFZSLCBmaXNpY2EgZSBzZW5zYXppb25lIGFsIHRhdHRvIHZpIHBvcnRlcmFubm8gaW4gb2duaSBtb21lbnRvLjwvcD4NCjwvZGl2Pg0KPC90ZD4NCjwvdHI+DQo8L3Rib2R5Pg0KPC90YWJsZT4NCjwvZGl2Pg0KPC9kaXY+DQo8L2Rpdj4NCjwvZGl2Pg0KPC9kaXY+'),(33,2,2,10,'Safysoo Scheda grafica AMD Radeon RX550 Graphics Card 4GB Memory GDDR5','2023-07-13',500,'400',102,_binary 'PHRhYmxlIGlkPSJwcm9kdWN0RGV0YWlsc190ZWNoU3BlY19zZWN0aW9uXzEiIHJvbGU9InByZXNlbnRhdGlvbiI+DQo8dGJvZHk+DQo8dHI+DQo8dGg+TWFyY2E8L3RoPg0KPHRkPiZscm07U2FmeXNvbzwvdGQ+DQo8L3RyPg0KPHRyPg0KPHRoPlByb2R1dHRvcmU8L3RoPg0KPHRkPiZscm07U2FmeXNvbzwvdGQ+DQo8L3RyPg0KPHRyPg0KPHRoPkRpbWVuc2lvbmkgZGVsIGNvbGxvPC90aD4NCjx0ZD4mbHJtOzM0LDEgeCAyMCwzIHggNiwyIGNtOyA0NzAgZ3JhbW1pPC90ZD4NCjwvdHI+DQo8dHI+DQo8dGg+UmlmZXJpbWVudG8gcHJvZHV0dG9yZTwvdGg+DQo8dGQ+JmxybTtEV080NTM5MjA2ODE4MDU2VFM8L3RkPg0KPC90cj4NCjx0cj4NCjx0aD5OdW1lcm8gYXJ0aWNvbG88L3RoPg0KPHRkPiZscm07RFdPNDUzOTIwNjgxODA1NlRTPC90ZD4NCjwvdHI+DQo8dHI+DQo8dGg+RGVzY3JpemlvbmUgc2NoZWRhIGdyYWZpY2E8L3RoPg0KPHRkPiZscm07RGVkaWNhdG88L3RkPg0KPC90cj4NCjx0cj4NCjx0aD5EaW1lbnNpb25pIG1lbW9yaWEgc2NoZWRhIGdyYWZpY2E8L3RoPg0KPHRkPiZscm07NCBHQjwvdGQ+DQo8L3RyPg0KPHRyPg0KPHRoPlRpcG8gbWVtb3JpYSBzY2hlZGEgZ3JhZmljYTwvdGg+DQo8dGQ+JmxybTtHRERSNTwvdGQ+DQo8L3RyPg0KPHRyPg0KPHRoPkludGVyZmFjY2lhIHNjaGVkYSBncmFmaWNhPC90aD4NCjx0ZD4mbHJtO1BDSSBFeHByZXNzPC90ZD4NCjwvdHI+DQo8dHI+DQo8dGg+Q29wcm9jZXNzb3JlIGdyYWZpY288L3RoPg0KPHRkPiZscm07QU1EIFJhZGVvbiBSWCA1NTA8L3RkPg0KPC90cj4NCjx0cj4NCjx0aD5JbnRlcmZhY2NpYSB1c2NpdGEgdmlkZW88L3RoPg0KPHRkPiZscm07VkdBLCBEVkksIEhETUk8L3RkPg0KPC90cj4NCjx0cj4NCjx0aD5QaWxlL2JhdHRlcmllIHJpY2hpZXN0ZTwvdGg+DQo8dGQ+JmxybTtObzwvdGQ+DQo8L3RyPg0KPHRyPg0KPHRoPlBlc28gYXJ0aWNvbG88L3RoPg0KPHRkPiZscm07NDcwIGc8L3RkPg0KPC90cj4NCjx0cj4NCjx0aD5BZ2dpb3JuYW1lbnRpIHNvZnR3YXJlIGdhcmFudGl0aSBmaW5vIGE8L3RoPg0KPHRkPiZscm07c2Nvbm9zY2l1dG88L3RkPg0KPC90cj4NCjwvdGJvZHk+DQo8L3RhYmxlPg=='),(34,2,2,10,'ASUS DUAL AMD Radeon RX 6700 XT Scheda Grafica','2023-07-13',600,'500',104,_binary 'PHRhYmxlIGlkPSJwcm9kdWN0RGV0YWlsc190ZWNoU3BlY19zZWN0aW9uXzEiIHJvbGU9InByZXNlbnRhdGlvbiI+DQo8dGJvZHk+DQo8dHI+DQo8dGg+TWFyY2E8L3RoPg0KPHRkPiZscm07QVNVUzwvdGQ+DQo8L3RyPg0KPHRyPg0KPHRoPlByb2R1dHRvcmU8L3RoPg0KPHRkPiZscm07QVNVUyBFVVJPUEUgQi5WLjwvdGQ+DQo8L3RyPg0KPHRyPg0KPHRoPnNlcmllPC90aD4NCjx0ZD4mbHJtO0RVQUwtUlg2NzAwWFQtMTJHPC90ZD4NCjwvdHI+DQo8dHI+DQo8dGg+Y29sb3JlPC90aD4NCjx0ZD4mbHJtO05lcm88L3RkPg0KPC90cj4NCjx0cj4NCjx0aD5EaW1lbnNpb25pIHByb2RvdHRvPC90aD4NCjx0ZD4mbHJtOzI5LDUgeCA1LDUgeCAxMyw5IGNtOyAxIEtnPC90ZD4NCjwvdHI+DQo8dHI+DQo8dGg+UGlsZTwvdGg+DQo8dGQ+JmxybTsxIFNjb25vc2NpdXRvIChUaXBvIGRpIHBpbGEgbmVjZXNzYXJpYSk8L3RkPg0KPC90cj4NCjx0cj4NCjx0aD5OdW1lcm8gbW9kZWxsbyBhcnRpY29sbzwvdGg+DQo8dGQ+JmxybTs5MFlWMEc4Mi1NME5BMDA8L3RkPg0KPC90cj4NCjx0cj4NCjx0aD5GYXR0b3JlIGRpIGZvcm1hPC90aD4NCjx0ZD4mbHJtO0RvcHBpbyBzbG90PC90ZD4NCjwvdHI+DQo8dHI+DQo8dGg+Umlzb2x1emlvbmU8L3RoPg0KPHRkPiZscm07NzY4MCB4IDQzMjA8L3RkPg0KPC90cj4NCjx0cj4NCjx0aD5Db3Byb2Nlc3NvcmUgZ3JhZmljbzwvdGg+DQo8dGQ+JmxybTtBTUQgUmFkZW9uIFJYIDY3MDAgWFQ8L3RkPg0KPC90cj4NCjx0cj4NCjx0aD5HcmFmaWNhIENoaXBzZXQgQnJhbmQ8L3RoPg0KPHRkPiZscm07QU1EPC90ZD4NCjwvdHI+DQo8dHI+DQo8dGg+RGVzY3JpemlvbmUgc2NoZWRhIGdyYWZpY2E8L3RoPg0KPHRkPiZscm07RGVkaWNhdGE8L3RkPg0KPC90cj4NCjx0cj4NCjx0aD5UaXBvIG1lbW9yaWEgc2NoZWRhIGdyYWZpY2E8L3RoPg0KPHRkPiZscm07R0REUjY8L3RkPg0KPC90cj4NCjx0cj4NCjx0aD5EaW1lbnNpb25pIG1lbW9yaWEgc2NoZWRhIGdyYWZpY2E8L3RoPg0KPHRkPiZscm07MTIgR0I8L3RkPg0KPC90cj4NCjx0cj4NCjx0aD5JbnRlcmZhY2NpYSBzY2hlZGEgZ3JhZmljYTwvdGg+DQo8dGQ+JmxybTtQQ0kgRXhwcmVzczwvdGQ+DQo8L3RyPg0KPHRyPg0KPHRoPlZvbHRhZ2dpbzwvdGg+DQo8dGQ+JmxybTsxMiBWb2x0PC90ZD4NCjwvdHI+DQo8dHI+DQo8dGg+V2F0dGFnZ2lvPC90aD4NCjx0ZD4mbHJtOzY1MCB3YXR0PC90ZD4NCjwvdHI+DQo8dHI+DQo8dGg+TGUgYmF0dGVyaWUgc29ubyBpbmNsdXNlPC90aD4NCjx0ZD4mbHJtO05vPC90ZD4NCjwvdHI+DQo8dHI+DQo8dGg+UGVzbyBkZWxsYSBiYXR0ZXJpYSBhbCBsaXRpbzwvdGg+DQo8dGQ+JmxybTs0IENoaWxvZ3JhbW1pPC90ZD4NCjwvdHI+DQo8dHI+DQo8dGg+UGVzbyBhcnRpY29sbzwvdGg+DQo8dGQ+JmxybTsxIEtpbG9ncmFtczwvdGQ+DQo8L3RyPg0KPHRyPg0KPHRoPkFnZ2lvcm5hbWVudGkgc29mdHdhcmUgZ2FyYW50aXRpIGZpbm8gYTwvdGg+DQo8dGQ+JmxybTtzY29ub3NjaXV0bzwvdGQ+DQo8L3RyPg0KPC90Ym9keT4NCjwvdGFibGU+'),(35,2,2,10,'MAXSUN AMD Radeon RX 550 Basso Profilo 4GB GDDR5','2023-07-13',200,'150',106,_binary 'PGRpdiBkYXRhLWNlbC13aWRnZXQ9ImFwbHVzLTNwLW1vZHVsZS1iIiBkYXRhLWNzYS1jLWlkPSI5OWxscDQtdWZqMzNtLTY0aWQ1Mi1rbDF5OW8iPg0KPGRpdj48aW1nIHNyYz0iaHR0cHM6Ly9tLm1lZGlhLWFtYXpvbi5jb20vaW1hZ2VzL1MvYXBsdXMtbWVkaWEtbGlicmFyeS1zZXJ2aWNlLW1lZGlhL2ViMDQ5NWM3LWYwZDAtNDc5My1hZDdkLTJkMzVjNDYyYWU4Mi5fX0NSMCwwLDk3MCw2MDBfUFQwX1NYOTcwX1YxX19fLmpwZyIgYWx0PSJBTUQgcmFkZW9uIFJYIDU1MCBzY2hlZGEgZ3JhZmljYSBzY2hlZGEgdmlkZW8gbG93IHByb2ZpbGU0Z2IiIGRhdGEtc3JjPSJodHRwczovL20ubWVkaWEtYW1hem9uLmNvbS9pbWFnZXMvUy9hcGx1cy1tZWRpYS1saWJyYXJ5LXNlcnZpY2UtbWVkaWEvZWIwNDk1YzctZjBkMC00NzkzLWFkN2QtMmQzNWM0NjJhZTgyLl9fQ1IwLDAsOTcwLDYwMF9QVDBfU1g5NzBfVjFfX18uanBnIj48L2Rpdj4NCjwvZGl2Pg0KPGRpdiBkYXRhLWNlbC13aWRnZXQ9ImFwbHVzLW1vZHVsZS0xMiIgZGF0YS1jc2EtYy1pZD0ianhqMHhuLWRpemxvOC1hNGY4ZDktYTkwZGk2Ij4NCjxkaXY+DQo8ZGl2Pg0KPGRpdj48aW1nIHNyYz0iaHR0cHM6Ly9tLm1lZGlhLWFtYXpvbi5jb20vaW1hZ2VzL1MvYXBsdXMtbWVkaWEtbGlicmFyeS1zZXJ2aWNlLW1lZGlhLzA4NDg0MzliLWIwMWItNGExZS1iNzI4LTAyNjk2MGI0OTk0OC5fX0NSMCwxODgsOTcwLDMwMF9QVDBfU1g5NzBfVjFfX18uanBnIiBhbHQ9InNjaGVkZSB2aWRlbyIgZGF0YS1zcmM9Imh0dHBzOi8vbS5tZWRpYS1hbWF6b24uY29tL2ltYWdlcy9TL2FwbHVzLW1lZGlhLWxpYnJhcnktc2VydmljZS1tZWRpYS8wODQ4NDM5Yi1iMDFiLTRhMWUtYjcyOC0wMjY5NjBiNDk5NDguX19DUjAsMTg4LDk3MCwzMDBfUFQwX1NYOTcwX1YxX19fLmpwZyI+PC9kaXY+DQo8L2Rpdj4NCjwvZGl2Pg0KPGRpdj4mbmJzcDs8L2Rpdj4NCjwvZGl2Pg0KPGRpdiBkYXRhLWNlbC13aWRnZXQ9ImFwbHVzLW1vZHVsZS05IiBkYXRhLWNzYS1jLWlkPSIzemN5ZTUtb20zNHpvLWw3dWxhei00Mm5vejciPg0KPGRpdj4NCjxkaXY+DQo8aDM+VGVjbm9sb2dpZTwvaDM+DQo8dGFibGU+DQo8dGJvZHk+DQo8dHI+DQo8dGg+DQo8ZGl2Pg0KPHA+PGltZyBzcmM9Imh0dHBzOi8vbS5tZWRpYS1hbWF6b24uY29tL2ltYWdlcy9TL2FwbHVzLW1lZGlhLWxpYnJhcnktc2VydmljZS1tZWRpYS85ZjMyYTM3Zi1iODk5LTRkZjctODczZi1lMGY0NjBkYWJiOTguX19DUjI3NiwwLDcwOSw3MDlfUFQwX1NYMzAwX1YxX19fLmpwZyIgYWx0PSJzY2hlZGEgdmlkZW8iIGRhdGEtc3JjPSJodHRwczovL20ubWVkaWEtYW1hem9uLmNvbS9pbWFnZXMvUy9hcGx1cy1tZWRpYS1saWJyYXJ5LXNlcnZpY2UtbWVkaWEvOWYzMmEzN2YtYjg5OS00ZGY3LTg3M2YtZTBmNDYwZGFiYjk4Ll9fQ1IyNzYsMCw3MDksNzA5X1BUMF9TWDMwMF9WMV9fXy5qcGciPjwvcD4NCjwvZGl2Pg0KPC90aD4NCjx0aD4NCjxkaXY+DQo8cD48aW1nIHNyYz0iaHR0cHM6Ly9tLm1lZGlhLWFtYXpvbi5jb20vaW1hZ2VzL1MvYXBsdXMtbWVkaWEtbGlicmFyeS1zZXJ2aWNlLW1lZGlhLzM4NzJmZThiLWI1ZTctNDVjYS05ZTE2LWFjNmFhYzQwZjc0MC5fX0NSMjc2LDAsNzA5LDcwOV9QVDBfU1gzMDBfVjFfX18uanBnIiBhbHQ9InNjaGVkYSBncmFmaWNhIiBkYXRhLXNyYz0iaHR0cHM6Ly9tLm1lZGlhLWFtYXpvbi5jb20vaW1hZ2VzL1MvYXBsdXMtbWVkaWEtbGlicmFyeS1zZXJ2aWNlLW1lZGlhLzM4NzJmZThiLWI1ZTctNDVjYS05ZTE2LWFjNmFhYzQwZjc0MC5fX0NSMjc2LDAsNzA5LDcwOV9QVDBfU1gzMDBfVjFfX18uanBnIj48L3A+DQo8L2Rpdj4NCjwvdGg+DQo8dGg+DQo8ZGl2Pg0KPHA+PGltZyBzcmM9Imh0dHBzOi8vbS5tZWRpYS1hbWF6b24uY29tL2ltYWdlcy9TL2FwbHVzLW1lZGlhLWxpYnJhcnktc2VydmljZS1tZWRpYS8yN2RhNWRjNy1iNWUzLTQ2OWEtODUzOC0zMzI2MTYwMjQ4YzQuX19DUjI3NiwwLDcwOSw3MDlfUFQwX1NYMzAwX1YxX19fLmpwZyIgYWx0PSJzY2hlZGEgdmlkZW8gNGdiIiBkYXRhLXNyYz0iaHR0cHM6Ly9tLm1lZGlhLWFtYXpvbi5jb20vaW1hZ2VzL1MvYXBsdXMtbWVkaWEtbGlicmFyeS1zZXJ2aWNlLW1lZGlhLzI3ZGE1ZGM3LWI1ZTMtNDY5YS04NTM4LTMzMjYxNjAyNDhjNC5fX0NSMjc2LDAsNzA5LDcwOV9QVDBfU1gzMDBfVjFfX18uanBnIj48L3A+DQo8L2Rpdj4NCjwvdGg+DQo8L3RyPg0KPHRyPg0KPHRkPg0KPGRpdj4NCjxoND5Tb2Z0d2FyZSBBTUQgUmFkZW9uPC9oND4NCjxwPlJhZGVvbiBTb2Z0d2FyZSAmZWdyYXZlOyBzdGF0byBwcm9nZXR0YXRvIHBlciBmb3JuaXJlIHVuJ2ludGVyZmFjY2lhIHB1bGl0YSwgbW9kZXJuYSBlIGZhY2lsZSBkYSB1c2FyZSBpbiBjdWkgJmVncmF2ZTsgcG9zc2liaWxlIGFjY2VkZXJlIHJhcGlkYW1lbnRlIGFsbGUgdWx0aW1lIGZ1bnppb25hbGl0JmFncmF2ZTsgc29mdHdhcmUsIHN0YXRpc3RpY2hlIGRpIGdpb2NvLCByYXBwb3J0aSBzdWxsZSBwcmVzdGF6aW9uaSwgYWdnaW9ybmFtZW50aSBkZWkgZHJpdmVyIGUgbW9sdG8gYWx0cm8sIHR1dHRvIGRhIHVuJ3VuaWNhIGNvbW9kYSBwb3NpemlvbmUuIEFwcHJvZml0dGEgZGVsIHRhc3RvIGRpIHNjZWx0YSByYXBpZGEgQUxUK1IgcGVyIGFwcmlyZSBpbCBzb2Z0d2FyZSBSYWRlb24gZGlyZXR0YW1lbnRlIG5lbCBnaW9jbywgcmVuZGVuZG8gYW5jb3JhIHBpJnVncmF2ZTsgY29tb2RvIGUgZmFjaWxlIHJlZ29sYXJlIGxlIHR1ZSBmdW56aW9uYWxpdCZhZ3JhdmU7IHByZWZlcml0ZSBlIG90dGVuZXJlIHVuYSBmYW50YXN0aWNhIGVzcGVyaWVuemEgZGkgZ2lvY28uPC9wPg0KPC9kaXY+DQo8L3RkPg0KPHRkPg0KPGRpdj4NCjxoND5UZWNub2xvZ2lhIEFNRCBGcmVlU3luYzwvaDQ+DQo8cD5MYSB0ZWNub2xvZ2lhIEFNRCBGcmVlU3luYyBtZXR0ZSBmaW5lIGFsIGdhbWVwbGF5IGluc3RhYmlsZSBlIGFpIGZyYW1lIHJvdHRpIGNvbiBwcmVzdGF6aW9uaSBmbHVpZGUgZSBwcml2ZSBkaSBhcnRlZmF0dGkgcHJhdGljYW1lbnRlIGEgcXVhbHNpYXNpIGZyYW1lcmF0ZS4gRWNjbyBsYSBwcm9zc2ltYSBzdm9sdGEgbmVsbGUgZXNwZXJpZW56ZSBkaSBnaW9jbyBwZXIgUEMgZSBjb25zb2xlLjwvcD4NCjwvZGl2Pg0KPC90ZD4NCjx0ZD4NCjxkaXY+DQo8aDQ+QU1EIFJhZGVvbiBDaGlsbDwvaDQ+DQo8cD5NYW50aWVuaSBpbCB0dW8gc2lzdGVtYSBmcmVzY28gZSBzaWxlbnppb3NvIGFiaWxpdGFuZG8gUmFkZW9uIENoaWxsLiBRdWVzdGEgZnVuemlvbmUgZGkgcmlzcGFybWlvIGVuZXJnZXRpY28gYWl1dGEgYSByaXNwYXJtaWFyZSBsYSBiYXR0ZXJpYSByZWdvbGFuZG8gbGEgZnJlcXVlbnphIGRlaSBmb3RvZ3JhbW1pIGluIGJhc2UgYWkgbW92aW1lbnRpIGRpIGdpb2NvLiBEdXJhbnRlIGlsIG1vdmltZW50byBpbnRlbnNvLCBSYWRlb24gQ2hpbGwgcG9ydGVyJmFncmF2ZTsgaWwgdHVvIEZQUyBmaW5vIGEgdW4gbGltaXRlIEZQUyBkZWZpbml0bywgbWVudHJlIG5laSBjYXNpIGluIGN1aSBub24gYycmZWdyYXZlOyBtb3ZpbWVudG8gc3VsbG8gc2NoZXJtbywgbCdGUFMgc2kgYWJiYXNzZXImYWdyYXZlOyBhdXRvbWF0aWNhbWVudGUgcGVyIHJpc3Bhcm1pYXJlIGVuZXJnaWEuPC9wPg0KPC9kaXY+DQo8L3RkPg0KPC90cj4NCjwvdGJvZHk+DQo8L3RhYmxlPg0KPC9kaXY+DQo8L2Rpdj4NCjxkaXY+Jm5ic3A7PC9kaXY+DQo8L2Rpdj4NCjxkaXYgZGF0YS1jZWwtd2lkZ2V0PSJhcGx1cy1tb2R1bGUtOSIgZGF0YS1jc2EtYy1pZD0idnpmMWpjLXgzbTBwMS1zMXNvaG4tNHp3MTd6Ij4NCjxkaXY+DQo8ZGl2Pg0KPHRhYmxlPg0KPHRib2R5Pg0KPHRyPg0KPHRoPg0KPGRpdj4NCjxwPjxpbWcgc3JjPSJodHRwczovL20ubWVkaWEtYW1hem9uLmNvbS9pbWFnZXMvUy9hcGx1cy1tZWRpYS1saWJyYXJ5LXNlcnZpY2UtbWVkaWEvZDVmNWI3MjQtOTBiMS00ZGFkLWEzOWItN2I5M2VmN2ViODA2Ll9fQ1IyNzYsMCw3MDksNzA5X1BUMF9TWDMwMF9WMV9fXy5qcGciIGFsdD0ic2NoZWRhIHZpZGVvIiBkYXRhLXNyYz0iaHR0cHM6Ly9tLm1lZGlhLWFtYXpvbi5jb20vaW1hZ2VzL1MvYXBsdXMtbWVkaWEtbGlicmFyeS1zZXJ2aWNlLW1lZGlhL2Q1ZjViNzI0LTkwYjEtNGRhZC1hMzliLTdiOTNlZjdlYjgwNi5fX0NSMjc2LDAsNzA5LDcwOV9QVDBfU1gzMDBfVjFfX18uanBnIj48L3A+DQo8L2Rpdj4NCjwvdGg+DQo8dGg+DQo8ZGl2Pg0KPHA+PGltZyBzcmM9Imh0dHBzOi8vbS5tZWRpYS1hbWF6b24uY29tL2ltYWdlcy9TL2FwbHVzLW1lZGlhLWxpYnJhcnktc2VydmljZS1tZWRpYS85ZTU4ZjcyZC0yOTJiLTQ3OWEtOWY0MS1jNGRiODI3MDdiZGMuX19DUjAsMCw4MDAsODAwX1BUMF9TWDMwMF9WMV9fXy5qcGciIGFsdD0ic2NoZWRhIHZpZGVvIiBkYXRhLXNyYz0iaHR0cHM6Ly9tLm1lZGlhLWFtYXpvbi5jb20vaW1hZ2VzL1MvYXBsdXMtbWVkaWEtbGlicmFyeS1zZXJ2aWNlLW1lZGlhLzllNThmNzJkLTI5MmItNDc5YS05ZjQxLWM0ZGI4MjcwN2JkYy5fX0NSMCwwLDgwMCw4MDBfUFQwX1NYMzAwX1YxX19fLmpwZyI+PC9wPg0KPC9kaXY+DQo8L3RoPg0KPHRoPg0KPGRpdj4NCjxwPjxpbWcgc3JjPSJodHRwczovL20ubWVkaWEtYW1hem9uLmNvbS9pbWFnZXMvUy9hcGx1cy1tZWRpYS1saWJyYXJ5LXNlcnZpY2UtbWVkaWEvYzI0NzdhOGEtNWRiNS00ODRiLTk4YmQtNmU2NDhlNTI5ZThkLl9fQ1IwLDAsMzAwLDMwMF9QVDBfU1gzMDBfVjFfX18uanBnIiBhbHQ9InN1cHBvcnRvIHNjaGVkYSB2aWRlbyIgZGF0YS1zcmM9Imh0dHBzOi8vbS5tZWRpYS1hbWF6b24uY29tL2ltYWdlcy9TL2FwbHVzLW1lZGlhLWxpYnJhcnktc2VydmljZS1tZWRpYS9jMjQ3N2E4YS01ZGI1LTQ4NGItOThiZC02ZTY0OGU1MjllOGQuX19DUjAsMCwzMDAsMzAwX1BUMF9TWDMwMF9WMV9fXy5qcGciPjwvcD4NCjwvZGl2Pg0KPC90aD4NCjwvdHI+DQo8dHI+DQo8dGQ+DQo8ZGl2Pg0KPGg0PlRlY25vbG9naWEgRGlyZWN0WDEyPC9oND4NCjxwPkNvbiBNaWNyb3NvZnQgRGlyZWN0WCAxMiAoRFgxMiksIG90dGllbmkgcHJlc3RhemlvbmkgaW5jcmVkaWJpbG1lbnRlIHZlbG9jaSwgZnJhbWUgYWwgc2Vjb25kbyBlbGV2YXRpIGUgbGF0ZW56YSByaWRvdHRhIHN1IHR1dHRlIGxlIHNjaGVkZSBncmFmaWNoZSBBTUQgUmFkZW9uLjwvcD4NCjwvZGl2Pg0KPC90ZD4NCjx0ZD4NCjxkaXY+DQo8aDQ+UG9zc2liaWxpdCZhZ3JhdmU7IGRpIHZpc3VhbGl6emF6aW9uZSBtdWx0aXBsYSBzaW11bHRhbmVhPC9oND4NCjxwPkRvdGF0byBkaSB1bmEgcG9ydGEgRFZJLCB1bmEgZHAgZSB1bmEgSERNSSwgY2FwYWNpdCZhZ3JhdmU7IGRpIHZpc3VhbGl6emF6aW9uZSBtdWx0aXBsYSBzaW11bHRhbmVhLiBTdXBwb3J0YSBsYSBkZWNvZGlmaWNhIEhETUkgNEsgZSA0SyBIMjY0LCBsYSBjb2RpZmljYSA0SyBIMjY0LCBsYSBkZWNvZGlmaWNhIEgyNjUvSEVWQywgbGEgY29kaWZpY2EgSDI2NS9IRVZDLjwvcD4NCjwvZGl2Pg0KPC90ZD4NCjx0ZD4NCjxkaXY+DQo8aDQ+TCdBUEkgVnVsa2FuPC9oND4NCjxwPlZ1bGthbiBzdXBwb3J0YSBpbCBjb250cm9sbG8gdmljaW5vIGFsIG1ldGFsbG8gY2hlIGNvbnNlbnRlIHByZXN0YXppb25pIHBpJnVncmF2ZTsgdmVsb2NpIGUgdW5hIG1pZ2xpb3JlIHF1YWxpdCZhZ3JhdmU7IGRlbGwnaW1tYWdpbmUgc3UgV2luZG93cyA3LCBXaW5kb3dzIDguMSwgV2luZG93cyAxMCwgV2luZG93cyAxMSBlIExpbnV4LiBOZXNzdW4nYWx0cmEgQVBJIGdyYWZpY2Egb2ZmcmUgbGEgc3Rlc3NhIHBvdGVudGUgY29tYmluYXppb25lIGRpIGNvbXBhdGliaWxpdCZhZ3JhdmU7IGRlbCBzaXN0ZW1hIG9wZXJhdGl2bywgZnVuemlvbmFsaXQmYWdyYXZlOyBkaSByZW5kZXJpbmcgZWQgZWZmaWNpZW56YSBoYXJkd2FyZS48L3A+DQo8L2Rpdj4NCjwvdGQ+DQo8L3RyPg0KPC90Ym9keT4NCjwvdGFibGU+DQo8L2Rpdj4NCjwvZGl2Pg0KPGRpdj4mbmJzcDs8L2Rpdj4NCjwvZGl2Pg0KPGRpdiBkYXRhLWNlbC13aWRnZXQ9ImFwbHVzLTNwLW1vZHVsZS1iIiBkYXRhLWNzYS1jLWlkPSJ5OG96cTItaHpyaXVlLW9nZXhtdy11cWx1NmwiPg0KPGRpdj48aW1nIHNyYz0iaHR0cHM6Ly9tLm1lZGlhLWFtYXpvbi5jb20vaW1hZ2VzL1MvYXBsdXMtbWVkaWEtbGlicmFyeS1zZXJ2aWNlLW1lZGlhLzUwZmZjNGIyLWUwMDEtNDYyYy1hOTE1LTAyNDllMzdhOWU3Ni5fX0NSMCwwLDk3MCw2MDBfUFQwX1NYOTcwX1YxX19fLmpwZyIgYWx0PSJzY2hlZGEgdmlkZW8gYW1kIGNvbXB1dGVyIGdhbWluZyIgZGF0YS1zcmM9Imh0dHBzOi8vbS5tZWRpYS1hbWF6b24uY29tL2ltYWdlcy9TL2FwbHVzLW1lZGlhLWxpYnJhcnktc2VydmljZS1tZWRpYS81MGZmYzRiMi1lMDAxLTQ2MmMtYTkxNS0wMjQ5ZTM3YTllNzYuX19DUjAsMCw5NzAsNjAwX1BUMF9TWDk3MF9WMV9fXy5qcGciPg0KPHA+R2lvY28gYWQgYWx0ZSBwcmVzdGF6aW9uaSBhbGxhIHNjcml2YW5pYSBvIGluIHZpYWdnaW8gZSBkYSBncmFuZGUgYSBncmFuZGUgcGVyIHVuIGRlc2lnbiBhcnRpc3RpY28uIFJlYWxpenphdG8gbWV0aWNvbG9zYW1lbnRlLiBJbmNyZWRpYmlsbWVudGUgaW50dWl0aXZvLjwvcD4NCjwvZGl2Pg0KPC9kaXY+DQo8ZGl2IGRhdGEtY2VsLXdpZGdldD0iYXBsdXMtbW9kdWxlLTE2LXRlY2gtc3BlY3MiIGRhdGEtY3NhLWMtaWQ9ImZuMTU1ay1sc3hhOW0tajEyOXV1LXVsdzhsdyI+DQo8ZGl2Pg0KPGgzPlNwZWNpZmljaGU8L2gzPg0KPGRpdj4NCjxkaXY+DQo8dGFibGUgc3R5bGU9ImhlaWdodDogNjg5LjRweDsiPg0KPHRib2R5Pg0KPHRyPg0KPHRkPkdQVSBNb2RlbGxvPC90ZD4NCjx0ZD5BTUQgUmFkZW9uIFJYIDU1MDwvdGQ+DQo8L3RyPg0KPHRyPg0KPHRkPkNvZGljZSBDb3JlPC90ZD4NCjx0ZD5Qb2xhcmlzIDEyPC90ZD4NCjwvdHI+DQo8dHI+DQo8dGQ+UHJvY2Vzc2kgcHJpbmNpcGFsaTwvdGQ+DQo8dGQ+MTRubTwvdGQ+DQo8L3RyPg0KPHRyPg0KPHRkPlByb2Nlc3NvcmkgZGkgZmx1c3NvPC90ZD4NCjx0ZD41MTI8L3RkPg0KPC90cj4NCjx0cj4NCjx0ZD5HUFUgQ29yZSBDbG9jazwvdGQ+DQo8dGQ+MTEwMH4xMTgzTUh6PC90ZD4NCjwvdHI+DQo8dHI+DQo8dGQ+T3JvbG9naW8gZGkgbWVtb3JpYTwvdGQ+DQo8dGQ+NjAwME1IejwvdGQ+DQo8L3RyPg0KPHRyPg0KPHRkPkRpbWVuc2lvbmUgZGVsbGEgbWVtb3JpYTwvdGQ+DQo8dGQ+NEdCIEdERFI1PC90ZD4NCjwvdHI+DQo8dHI+DQo8dGQ+bGFyZ2hlenphIGRpIGJpdCBkaSBtZW1vcmlhPC90ZD4NCjx0ZD4xMjggYml0PC90ZD4NCjwvdHI+DQo8L3Rib2R5Pg0KPC90YWJsZT4NCjwvZGl2Pg0KPGRpdj4NCjx0YWJsZSBzdHlsZT0iaGVpZ2h0OiA2ODkuNHB4OyI+DQo8dGJvZHk+DQo8dHI+DQo8dGQ+QmFuZGEgZGkgbWVtb3JpYTwvdGQ+DQo8dGQ+MTEyIEdCL3M8L3RkPg0KPC90cj4NCjx0cj4NCjx0ZD5UaXBvIGRpIGludGVyZmFjY2lhIGJ1czwvdGQ+DQo8dGQ+UENJIEV4cHJlc3MgWDE2IDMuMDwvdGQ+DQo8L3RyPg0KPHRyPg0KPHRkPkludGVyZmFjY2lhIGRpIHZpc3VhbGl6emF6aW9uZTwvdGQ+DQo8dGQ+SERNSStEUDwvdGQ+DQo8L3RyPg0KPHRyPg0KPHRkPlJpc29sdXppb25lIGRpZ2l0YWxlIG1hc3NpbWE8L3RkPg0KPHRkPkRpc3BsYXlQb3J0IDhLIHBpeGVsPC90ZD4NCjwvdHI+DQo8dHI+DQo8dGQ+Q29ubmV0dG9yaSBkaSBhbGltZW50YXppb25lPC90ZD4NCjx0ZD5OL0E8L3RkPg0KPC90cj4NCjx0cj4NCjx0ZD5TY2hlZGEgVmlkZW8gVERQPC90ZD4NCjx0ZD41MFc8L3RkPg0KPC90cj4NCjx0cj4NCjx0ZD5TdXBwb3J0byBkZWwgc2lzdGVtYSBvcGVyYXRpdm88L3RkPg0KPHRkPldpbmRvd3MgMTEgLSBlZGl6aW9uZSBhIDY0IGJpdCBXaW5kb3dzIDEwIC0gZWRpemlvbmUgYSA2NCBiaXQgV2luZG93cyA3IC0gZWRpemlvbmUgYSAzMiBiaXQgV2luZG93cyA3IC0gZWRpemlvbmUgYSA2NCBiaXQgVWJ1bnR1IHg4NiA2NCBiaXQgTGludXggeDg2XzY0PC90ZD4NCjwvdHI+DQo8dHI+DQo8dGQ+Q2FyYXR0ZXJpc3RpY2hlPC90ZD4NCjx0ZD5Tb2Z0d2FyZSBBTUQ6IEFkcmVuYWxpbiBFZGl0aW9uLCB0ZWNub2xvZ2lhIEFNRCBGcmVlU3luYywgdGVjbm9sb2dpYSBBTUQgTGlxdWlkVlIsIGFyY2hpdGV0dHVyYSBHQ04gZGkgcXVhcnRhIGdlbmVyYXppb25lLCBBTUQgUmFkZW9uIENoaWxsLCBBTUQgUmFkZW9uIFJlTGl2ZSwgdGVjbm9sb2dpYSBEaXJlY3RYIDEyLCB0ZWNub2xvZ2lhIEFNRCBFeWVmaW5pdHkgKEdhbWluZyksIEFNRCBBcHAgQWNjZWxlcmF0aW9uLCBBTUQgRnJhbWUgUmF0ZSBUYXJnZXQgQ29udHJvbCwgdGVjbm9sb2dpYSBkaSBwcm9jZXNzbyBhIDE0IG5tIGRpIHRlcnphIGdlbmVyYXppb25lLCBPcGVuQ0wgMi4gMCwgT3BlbkdMIDQuNiwgdGVjbm9sb2dpYSBBTUQgUG93ZXJUdW5lLCBUcnVlQXVkaW8sIE5leHQgVW5pZmllZCBWaWRlbyBEZWNvZGVyIChVVkQpLCBWaWRlbyBDb2RlIEVuZ2luZSAoVkNFKSwgQU1EIFZpcnR1YWwgU3VwZXIgUmVzb2x1dGlvbiwgbCdBUEkgVnVsa2FuPC90ZD4NCjwvdHI+DQo8L3Rib2R5Pg0KPC90YWJsZT4NCjwvZGl2Pg0KPC9kaXY+DQo8L2Rpdj4NCjwvZGl2Pg=='),(36,2,2,10,'XFX VGA RADEON RX 6600 SPEEDSTER SWFT 210 8GB GDDR6','2023-07-13',400,'300',107,_binary 'PHRhYmxlIGlkPSJwcm9kdWN0RGV0YWlsc190ZWNoU3BlY19zZWN0aW9uXzEiIHJvbGU9InByZXNlbnRhdGlvbiI+DQo8dGJvZHk+DQo8dHI+DQo8dGg+TWFyY2E8L3RoPg0KPHRkPiZscm07WEZYPC90ZD4NCjwvdHI+DQo8dHI+DQo8dGg+UHJvZHV0dG9yZTwvdGg+DQo8dGQ+JmxybTtFZmVrdHVzIGQuby5vLiAtIElUIFdpcmVsZXNzIC0gKFBhbkVVKTwvdGQ+DQo8L3RyPg0KPHRyPg0KPHRoPnNlcmllPC90aD4NCjx0ZD4mbHJtO1JYLTY2WEw4TEZEUTwvdGQ+DQo8L3RyPg0KPHRyPg0KPHRoPmNvbG9yZTwvdGg+DQo8dGQ+JmxybTtOZXJvPC90ZD4NCjwvdHI+DQo8dHI+DQo8dGg+RGltZW5zaW9uaSBwcm9kb3R0bzwvdGg+DQo8dGQ+JmxybTsyNCwxIHggMTMsMSB4IDQsMSBjbTsgMSBLZzwvdGQ+DQo8L3RyPg0KPHRyPg0KPHRoPlBpbGU8L3RoPg0KPHRkPiZscm07MSBJb25pIGRpIGxpdGlvIChUaXBvIGRpIHBpbGEgbmVjZXNzYXJpYSk8L3RkPg0KPC90cj4NCjx0cj4NCjx0aD5OdW1lcm8gbW9kZWxsbyBhcnRpY29sbzwvdGg+DQo8dGQ+JmxybTtSWC02NlhMOExGRFE8L3RkPg0KPC90cj4NCjx0cj4NCjx0aD5GYXR0b3JlIGRpIGZvcm1hPC90aD4NCjx0ZD4mbHJtO1NpbmdsZSBTbG90PC90ZD4NCjwvdHI+DQo8dHI+DQo8dGg+VGlwb2xvZ2lhIGRpIG1lbW9yaWEgY29tcHV0ZXI8L3RoPg0KPHRkPiZscm07R0REUjY8L3RkPg0KPC90cj4NCjx0cj4NCjx0aD5DbG9jayBkaSBNZW1vcmlhPC90aD4NCjx0ZD4mbHJtOzE0IEdIejwvdGQ+DQo8L3RyPg0KPHRyPg0KPHRoPkNvcHJvY2Vzc29yZSBncmFmaWNvPC90aD4NCjx0ZD4mbHJtO0FNRCBSWCA2NjAwPC90ZD4NCjwvdHI+DQo8dHI+DQo8dGg+R3JhZmljYSBDaGlwc2V0IEJyYW5kPC90aD4NCjx0ZD4mbHJtO0FNRDwvdGQ+DQo8L3RyPg0KPHRyPg0KPHRoPkRlc2NyaXppb25lIHNjaGVkYSBncmFmaWNhPC90aD4NCjx0ZD4mbHJtO0FNRCBSYWRlb248L3RkPg0KPC90cj4NCjx0cj4NCjx0aD5UaXBvIG1lbW9yaWEgc2NoZWRhIGdyYWZpY2E8L3RoPg0KPHRkPiZscm07R0REUjY8L3RkPg0KPC90cj4NCjx0cj4NCjx0aD5EaW1lbnNpb25pIG1lbW9yaWEgc2NoZWRhIGdyYWZpY2E8L3RoPg0KPHRkPiZscm07ODwvdGQ+DQo8L3RyPg0KPHRyPg0KPHRoPkludGVyZmFjY2lhIHNjaGVkYSBncmFmaWNhPC90aD4NCjx0ZD4mbHJtO1BDSS1FeHByZXNzIHgxNjwvdGQ+DQo8L3RyPg0KPHRyPg0KPHRoPldhdHRhZ2dpbzwvdGg+DQo8dGQ+JmxybTs1NTAgd2F0dDwvdGQ+DQo8L3RyPg0KPHRyPg0KPHRoPkxlIGJhdHRlcmllIHNvbm8gaW5jbHVzZTwvdGg+DQo8dGQ+JmxybTtObzwvdGQ+DQo8L3RyPg0KPHRyPg0KPHRoPkNhcGFjaXQmYWdyYXZlOyBkZWxsYSBiYXR0ZXJpYSBhbCBsaXRpbzwvdGg+DQo8dGQ+JmxybTsyIEtpbG93YXR0b3JhPC90ZD4NCjwvdHI+DQo8dHI+DQo8dGg+Q29uZmV6aW9uZSBkZWxsYSBiYXR0ZXJpYSBhbCBsaXRpbzwvdGg+DQo8dGQ+JmxybTtCYXR0ZXJpZSBpbWJhbGxhdGUgY29uIGwnYXBwYXJlY2NoaWF0dXJhPC90ZD4NCjwvdHI+DQo8dHI+DQo8dGg+UGVzbyBkZWxsYSBiYXR0ZXJpYSBhbCBsaXRpbzwvdGg+DQo8dGQ+JmxybTsyIEdyYW1taTwvdGQ+DQo8L3RyPg0KPHRyPg0KPHRoPk51bWVybyBkZWxsZSBjZWxsZSBhZ2xpIGlvbmkgZGkgbGl0aW88L3RoPg0KPHRkPiZscm07NTwvdGQ+DQo8L3RyPg0KPHRyPg0KPHRoPk51bWVybyBkZWxsZSBjZWxsZSBhaSBtZXRhbGxpIGRpIGxpdGlvPC90aD4NCjx0ZD4mbHJtOzU8L3RkPg0KPC90cj4NCjx0cj4NCjx0aD5QZXNvIGFydGljb2xvPC90aD4NCjx0ZD4mbHJtOzEgS2lsb2dyYW1zPC90ZD4NCjwvdHI+DQo8dHI+DQo8dGg+QWdnaW9ybmFtZW50aSBzb2Z0d2FyZSBnYXJhbnRpdGkgZmlubyBhPC90aD4NCjx0ZD4mbHJtO3Njb25vc2NpdXRvPC90ZD4NCjwvdHI+DQo8L3Rib2R5Pg0KPC90YWJsZT4='),(37,2,2,10,'GIGABYTE VGA AMD RX 6600 EAGLE 8G','2023-07-13',600,'450',109,_binary 'PHRhYmxlIGlkPSJwcm9kdWN0RGV0YWlsc190ZWNoU3BlY19zZWN0aW9uXzEiIHJvbGU9InByZXNlbnRhdGlvbiI+DQo8dGJvZHk+DQo8dHI+DQo8dGg+TWFyY2E8L3RoPg0KPHRkPiZscm07R2lnYWJ5dGU8L3RkPg0KPC90cj4NCjx0cj4NCjx0aD5Qcm9kdXR0b3JlPC90aD4NCjx0ZD4mbHJtO0dpZ2FieXRlPC90ZD4NCjwvdHI+DQo8dHI+DQo8dGg+c2VyaWU8L3RoPg0KPHRkPiZscm07R1YtUjY2RUFHTEUtOEdEPC90ZD4NCjwvdHI+DQo8dHI+DQo8dGg+Y29sb3JlPC90aD4NCjx0ZD4mbHJtO05lcm88L3RkPg0KPC90cj4NCjx0cj4NCjx0aD5EaW1lbnNpb25pIHByb2RvdHRvPC90aD4NCjx0ZD4mbHJtOzI4LDIgeCAxMSwzIHggNCwxIGNtOyA2MzAgZ3JhbW1pPC90ZD4NCjwvdHI+DQo8dHI+DQo8dGg+UGlsZTwvdGg+DQo8dGQ+JmxybTsxIElvbmkgZGkgbGl0aW8gKFRpcG8gZGkgcGlsYSBuZWNlc3NhcmlhKTwvdGQ+DQo8L3RyPg0KPHRyPg0KPHRoPk51bWVybyBtb2RlbGxvIGFydGljb2xvPC90aD4NCjx0ZD4mbHJtO0dWLVI2NkVBR0xFLThHRDwvdGQ+DQo8L3RyPg0KPHRyPg0KPHRoPkZhdHRvcmUgZGkgZm9ybWE8L3RoPg0KPHRkPiZscm07QmFyPC90ZD4NCjwvdHI+DQo8dHI+DQo8dGg+Umlzb2x1emlvbmU8L3RoPg0KPHRkPiZscm07NzY4MCB4IDQzMjAgUGl4ZWw8L3RkPg0KPC90cj4NCjx0cj4NCjx0aD5DbG9jayBkaSBNZW1vcmlhPC90aD4NCjx0ZD4mbHJtOzE0MDAwIE1IejwvdGQ+DQo8L3RyPg0KPHRyPg0KPHRoPkNvcHJvY2Vzc29yZSBncmFmaWNvPC90aD4NCjx0ZD4mbHJtO0FNRCBSYWRlb24gUlggNjYwMDwvdGQ+DQo8L3RyPg0KPHRyPg0KPHRoPkdyYWZpY2EgQ2hpcHNldCBCcmFuZDwvdGg+DQo8dGQ+JmxybTtBTUQ8L3RkPg0KPC90cj4NCjx0cj4NCjx0aD5EZXNjcml6aW9uZSBzY2hlZGEgZ3JhZmljYTwvdGg+DQo8dGQ+JmxybTtEZWRpY2F0ZWQ8L3RkPg0KPC90cj4NCjx0cj4NCjx0aD5UaXBvIG1lbW9yaWEgc2NoZWRhIGdyYWZpY2E8L3RoPg0KPHRkPiZscm07R0REUjY8L3RkPg0KPC90cj4NCjx0cj4NCjx0aD5EaW1lbnNpb25pIG1lbW9yaWEgc2NoZWRhIGdyYWZpY2E8L3RoPg0KPHRkPiZscm07OCBHQjwvdGQ+DQo8L3RyPg0KPHRyPg0KPHRoPkludGVyZmFjY2lhIHNjaGVkYSBncmFmaWNhPC90aD4NCjx0ZD4mbHJtO1BDSS1FeHByZXNzIHgxNjwvdGQ+DQo8L3RyPg0KPHRyPg0KPHRoPldhdHRhZ2dpbzwvdGg+DQo8dGQ+JmxybTszNjAwPC90ZD4NCjwvdHI+DQo8dHI+DQo8dGg+TGUgYmF0dGVyaWUgc29ubyBpbmNsdXNlPC90aD4NCjx0ZD4mbHJtO05vPC90ZD4NCjwvdHI+DQo8dHI+DQo8dGg+Q2FwYWNpdCZhZ3JhdmU7IGRlbGxhIGJhdHRlcmlhIGFsIGxpdGlvPC90aD4NCjx0ZD4mbHJtOzIgS2lsb3dhdHRvcmE8L3RkPg0KPC90cj4NCjx0cj4NCjx0aD5Db25mZXppb25lIGRlbGxhIGJhdHRlcmlhIGFsIGxpdGlvPC90aD4NCjx0ZD4mbHJtO0JhdHRlcmllIGltYmFsbGF0ZSBjb24gbCdhcHBhcmVjY2hpYXR1cmE8L3RkPg0KPC90cj4NCjx0cj4NCjx0aD5QZXNvIGRlbGxhIGJhdHRlcmlhIGFsIGxpdGlvPC90aD4NCjx0ZD4mbHJtOzIgR3JhbW1pPC90ZD4NCjwvdHI+DQo8dHI+DQo8dGg+TnVtZXJvIGRlbGxlIGNlbGxlIGFnbGkgaW9uaSBkaSBsaXRpbzwvdGg+DQo8dGQ+JmxybTs1PC90ZD4NCjwvdHI+DQo8dHI+DQo8dGg+TnVtZXJvIGRlbGxlIGNlbGxlIGFpIG1ldGFsbGkgZGkgbGl0aW88L3RoPg0KPHRkPiZscm07NTwvdGQ+DQo8L3RyPg0KPHRyPg0KPHRoPlBlc28gYXJ0aWNvbG88L3RoPg0KPHRkPiZscm07NjMwIGc8L3RkPg0KPC90cj4NCjx0cj4NCjx0aD5BZ2dpb3JuYW1lbnRpIHNvZnR3YXJlIGdhcmFudGl0aSBmaW5vIGE8L3RoPg0KPHRkPiZscm07c2Nvbm9zY2l1dG88L3RkPg0KPC90cj4NCjwvdGJvZHk+DQo8L3RhYmxlPg=='),(38,2,3,11,'Intel Core i512400F 2GHz','2023-07-13',400,'350',111,_binary 'PGgyPiZuYnNwOzwvaDI+DQo8ZGl2IGRhdGEtY2VsLXdpZGdldD0iYXBsdXMiIGRhdGEtY3NhLWMtaWQ9ImphNXgwdS14eXlqZm4tMmtqdHgxLTNhM2J3ayI+DQo8ZGl2IGRhdGEtY2VsLXdpZGdldD0iYXBsdXMtbW9kdWxlLTEyIiBkYXRhLWNzYS1jLWlkPSIyeXEzcjMtdHNpYnR6LWthcWNtNS01YWR5MiI+DQo8ZGl2Pg0KPGRpdj4NCjxkaXY+PGltZyBzcmM9Imh0dHBzOi8vbS5tZWRpYS1hbWF6b24uY29tL2ltYWdlcy9TL2FwbHVzLW1lZGlhLWxpYnJhcnktc2VydmljZS1tZWRpYS8xMWU2NGEwZC00MTZmLTQwOGUtOTFlZS0zMzNkZTU5MTdhMDMuX19DUjAsMCw5NzAsMzAwX1BUMF9TWDk3MF9WMV9fXy5qcGciIGFsdD0iUHJvY2Vzc29yZSBJbnRlbCBDb3JlIGk1LTEyNDAwRiBkaSBkb2RpY2VzaW1hIGdlbmVyYXppb25lIHBlciBzaXN0ZW1pIGRlc2t0b3AiIGRhdGEtc3JjPSJodHRwczovL20ubWVkaWEtYW1hem9uLmNvbS9pbWFnZXMvUy9hcGx1cy1tZWRpYS1saWJyYXJ5LXNlcnZpY2UtbWVkaWEvMTFlNjRhMGQtNDE2Zi00MDhlLTkxZWUtMzMzZGU1OTE3YTAzLl9fQ1IwLDAsOTcwLDMwMF9QVDBfU1g5NzBfVjFfX18uanBnIj48L2Rpdj4NCjwvZGl2Pg0KPC9kaXY+DQo8ZGl2PiZuYnNwOzwvZGl2Pg0KPC9kaXY+DQo8ZGl2IGRhdGEtY2VsLXdpZGdldD0iYXBsdXMtbW9kdWxlLTEyIiBkYXRhLWNzYS1jLWlkPSJ4bHVoMmEtd3g0eXB3LXlobzQ4dC02c3J4NWwiPg0KPGRpdj4NCjxkaXY+DQo8ZGl2PjxpbWcgc3JjPSJodHRwczovL20ubWVkaWEtYW1hem9uLmNvbS9pbWFnZXMvUy9hcGx1cy1tZWRpYS1saWJyYXJ5LXNlcnZpY2UtbWVkaWEvNjRkYjlmNmUtODEzOS00ZGQ0LTk0MjEtNzRkNGU2MTU1YzIzLl9fQ1IwLDAsOTcwLDMwMF9QVDBfU1g5NzBfVjFfX18uanBnIiBhbHQ9IlByb2Nlc3NvcmUgSW50ZWwgQ29yZSBpNS0xMjQwMEYgZGkgZG9kaWNlc2ltYSBnZW5lcmF6aW9uZSBwZXIgc2lzdGVtaSBkZXNrdG9wIiBkYXRhLXNyYz0iaHR0cHM6Ly9tLm1lZGlhLWFtYXpvbi5jb20vaW1hZ2VzL1MvYXBsdXMtbWVkaWEtbGlicmFyeS1zZXJ2aWNlLW1lZGlhLzY0ZGI5ZjZlLTgxMzktNGRkNC05NDIxLTc0ZDRlNjE1NWMyMy5fX0NSMCwwLDk3MCwzMDBfUFQwX1NYOTcwX1YxX19fLmpwZyI+PC9kaXY+DQo8L2Rpdj4NCjwvZGl2Pg0KPGRpdj4mbmJzcDs8L2Rpdj4NCjwvZGl2Pg0KPGRpdiBkYXRhLWNlbC13aWRnZXQ9ImFwbHVzLW1vZHVsZS0xMiIgZGF0YS1jc2EtYy1pZD0iOWtpdXZmLXhndjMzZS0zaWJpN3MtaXhvY21sIj4NCjxkaXY+DQo8ZGl2Pg0KPGRpdj48aW1nIHNyYz0iaHR0cHM6Ly9tLm1lZGlhLWFtYXpvbi5jb20vaW1hZ2VzL1MvYXBsdXMtbWVkaWEtbGlicmFyeS1zZXJ2aWNlLW1lZGlhLzRhOTYwNjJmLWJkZTctNDIyZi1iZTA4LWZmZDM2Yjk2MjA5YS5fX0NSMCwwLDk3MCwzMDBfUFQwX1NYOTcwX1YxX19fLmpwZyIgYWx0PSJQcm9jZXNzb3JlIEludGVsIENvcmUgaTUtMTI0MDBGIGRpIGRvZGljZXNpbWEgZ2VuZXJhemlvbmUgcGVyIHNpc3RlbWkgZGVza3RvcCIgZGF0YS1zcmM9Imh0dHBzOi8vbS5tZWRpYS1hbWF6b24uY29tL2ltYWdlcy9TL2FwbHVzLW1lZGlhLWxpYnJhcnktc2VydmljZS1tZWRpYS80YTk2MDYyZi1iZGU3LTQyMmYtYmUwOC1mZmQzNmI5NjIwOWEuX19DUjAsMCw5NzAsMzAwX1BUMF9TWDk3MF9WMV9fXy5qcGciPjwvZGl2Pg0KPC9kaXY+DQo8L2Rpdj4NCjxkaXY+Jm5ic3A7PC9kaXY+DQo8L2Rpdj4NCjxkaXYgZGF0YS1jZWwtd2lkZ2V0PSJhcGx1cy1tb2R1bGUtMTIiIGRhdGEtY3NhLWMtaWQ9ImM0OWJjci0yaTBpbzktNGo0MDJmLXB1ZW9qbSI+DQo8ZGl2Pg0KPGRpdj4NCjxkaXY+PGltZyBzcmM9Imh0dHBzOi8vbS5tZWRpYS1hbWF6b24uY29tL2ltYWdlcy9TL2FwbHVzLW1lZGlhLWxpYnJhcnktc2VydmljZS1tZWRpYS9jODM5NjQzOC03YTVkLTRkYzQtOGUyYy1mMzkxM2I3YjA1YjkuX19DUjAsMCw5NzAsMzAwX1BUMF9TWDk3MF9WMV9fXy5qcGciIGFsdD0iUHJvY2Vzc29yZSBJbnRlbCBDb3JlIGk1LTEyNDAwRiBkaSBkb2RpY2VzaW1hIGdlbmVyYXppb25lIHBlciBzaXN0ZW1pIGRlc2t0b3AiIGRhdGEtc3JjPSJodHRwczovL20ubWVkaWEtYW1hem9uLmNvbS9pbWFnZXMvUy9hcGx1cy1tZWRpYS1saWJyYXJ5LXNlcnZpY2UtbWVkaWEvYzgzOTY0MzgtN2E1ZC00ZGM0LThlMmMtZjM5MTNiN2IwNWI5Ll9fQ1IwLDAsOTcwLDMwMF9QVDBfU1g5NzBfVjFfX18uanBnIj48L2Rpdj4NCjwvZGl2Pg0KPC9kaXY+DQo8ZGl2PiZuYnNwOzwvZGl2Pg0KPC9kaXY+DQo8ZGl2IGRhdGEtY2VsLXdpZGdldD0iYXBsdXMtbW9kdWxlLTEyIiBkYXRhLWNzYS1jLWlkPSJmYm4wZmctZmQwbXhqLWJoYW1mOC01amtxOTciPg0KPGRpdj4NCjxkaXY+DQo8ZGl2PjxpbWcgc3JjPSJodHRwczovL20ubWVkaWEtYW1hem9uLmNvbS9pbWFnZXMvUy9hcGx1cy1tZWRpYS1saWJyYXJ5LXNlcnZpY2UtbWVkaWEvODVlNjQwNDQtNzZmNS00YWUwLWI0YTktMjA0ODA2ZWMxOGExLl9fQ1IwLDAsOTcwLDMwMF9QVDBfU1g5NzBfVjFfX18uanBnIiBhbHQ9IlByb2Nlc3NvcmUgSW50ZWwgQ29yZSBpNS0xMjQwMEYgZGkgZG9kaWNlc2ltYSBnZW5lcmF6aW9uZSBwZXIgc2lzdGVtaSBkZXNrdG9wIiBkYXRhLXNyYz0iaHR0cHM6Ly9tLm1lZGlhLWFtYXpvbi5jb20vaW1hZ2VzL1MvYXBsdXMtbWVkaWEtbGlicmFyeS1zZXJ2aWNlLW1lZGlhLzg1ZTY0MDQ0LTc2ZjUtNGFlMC1iNGE5LTIwNDgwNmVjMThhMS5fX0NSMCwwLDk3MCwzMDBfUFQwX1NYOTcwX1YxX19fLmpwZyI+PC9kaXY+DQo8L2Rpdj4NCjwvZGl2Pg0KPC9kaXY+DQo8L2Rpdj4='),(39,2,3,11,'PROCESSOR INTEL CORE I513600KF 5 GHZ LGA1700','2023-07-13',500,'400',113,_binary 'PGgyPiZuYnNwOzwvaDI+DQo8ZGl2IGRhdGEtY2VsLXdpZGdldD0iYXBsdXMiIGRhdGEtY3NhLWMtaWQ9Imxhbmh3ZC1yd2s5a2QtcHlpYzI1LXhsNjFncyI+DQo8ZGl2IGRhdGEtY2VsLXdpZGdldD0iYXBsdXMtbW9kdWxlLTEyIiBkYXRhLWNzYS1jLWlkPSJxOWlqMG8tNGRpaTVxLXcxdnowNi1razR2Z3UiPg0KPGRpdj4NCjxkaXY+DQo8ZGl2PjxpbWcgc3JjPSJodHRwczovL20ubWVkaWEtYW1hem9uLmNvbS9pbWFnZXMvUy9hcGx1cy1tZWRpYS1saWJyYXJ5LXNlcnZpY2UtbWVkaWEvMTE3MTI1ZGItNDhiMi00NGZhLTg2YmMtOWE2ZTk0ZjBjNmVkLl9fQ1IwLDAsOTcwLDMwMF9QVDBfU1g5NzBfVjFfX18uanBnIiBhbHQ9IlByb2Nlc3NvcmUgc2Jsb2NjYXRvIGludGVsIGNvcmUgaTUgZGkgdHJlZGljZXNpbWEgZ2VuZXJhemlvbmUgcGVyIHNpc3RlbWkgZGVza3RvcCIgZGF0YS1zcmM9Imh0dHBzOi8vbS5tZWRpYS1hbWF6b24uY29tL2ltYWdlcy9TL2FwbHVzLW1lZGlhLWxpYnJhcnktc2VydmljZS1tZWRpYS8xMTcxMjVkYi00OGIyLTQ0ZmEtODZiYy05YTZlOTRmMGM2ZWQuX19DUjAsMCw5NzAsMzAwX1BUMF9TWDk3MF9WMV9fXy5qcGciPjwvZGl2Pg0KPC9kaXY+DQo8L2Rpdj4NCjxkaXY+Jm5ic3A7PC9kaXY+DQo8L2Rpdj4NCjxkaXYgZGF0YS1jZWwtd2lkZ2V0PSJhcGx1cy1tb2R1bGUtMTIiIGRhdGEtY3NhLWMtaWQ9ImZ5em9lZC1zNzR3NzEtZWhjMGotNXN2djRpIj4NCjxkaXY+DQo8ZGl2Pg0KPGRpdj48aW1nIHNyYz0iaHR0cHM6Ly9tLm1lZGlhLWFtYXpvbi5jb20vaW1hZ2VzL1MvYXBsdXMtbWVkaWEtbGlicmFyeS1zZXJ2aWNlLW1lZGlhLzY1NTUxZTdlLWQ4YzctNGYyNi04N2M0LWRjOTQxYzExYzYwMC5fX0NSMCwwLDk3MCwzMDBfUFQwX1NYOTcwX1YxX19fLmpwZyIgYWx0PSJQcm9jZXNzb3JlIHNibG9jY2F0byBpbnRlbCBjb3JlIGk1IGRpIHRyZWRpY2VzaW1hIGdlbmVyYXppb25lIHBlciBzaXN0ZW1pIGRlc2t0b3AiIGRhdGEtc3JjPSJodHRwczovL20ubWVkaWEtYW1hem9uLmNvbS9pbWFnZXMvUy9hcGx1cy1tZWRpYS1saWJyYXJ5LXNlcnZpY2UtbWVkaWEvNjU1NTFlN2UtZDhjNy00ZjI2LTg3YzQtZGM5NDFjMTFjNjAwLl9fQ1IwLDAsOTcwLDMwMF9QVDBfU1g5NzBfVjFfX18uanBnIj48L2Rpdj4NCjwvZGl2Pg0KPC9kaXY+DQo8ZGl2PiZuYnNwOzwvZGl2Pg0KPC9kaXY+DQo8ZGl2IGRhdGEtY2VsLXdpZGdldD0iYXBsdXMtbW9kdWxlLTEyIiBkYXRhLWNzYS1jLWlkPSJuYmt0dHItZHRiczg5LTFtM2tncy14ZW81dTgiPg0KPGRpdj4NCjxkaXY+DQo8ZGl2PjxpbWcgc3JjPSJodHRwczovL20ubWVkaWEtYW1hem9uLmNvbS9pbWFnZXMvUy9hcGx1cy1tZWRpYS1saWJyYXJ5LXNlcnZpY2UtbWVkaWEvMDliN2NiNDItZWUzZi00MDA1LWJkNDctYjQ0YTNkZTkxMTdhLl9fQ1IwLDAsOTcwLDMwMF9QVDBfU1g5NzBfVjFfX18uanBnIiBhbHQ9IlByb2Nlc3NvcmUgc2Jsb2NjYXRvIGludGVsIGNvcmUgaTUgZGkgdHJlZGljZXNpbWEgZ2VuZXJhemlvbmUgcGVyIHNpc3RlbWkgZGVza3RvcCIgZGF0YS1zcmM9Imh0dHBzOi8vbS5tZWRpYS1hbWF6b24uY29tL2ltYWdlcy9TL2FwbHVzLW1lZGlhLWxpYnJhcnktc2VydmljZS1tZWRpYS8wOWI3Y2I0Mi1lZTNmLTQwMDUtYmQ0Ny1iNDRhM2RlOTExN2EuX19DUjAsMCw5NzAsMzAwX1BUMF9TWDk3MF9WMV9fXy5qcGciPjwvZGl2Pg0KPC9kaXY+DQo8L2Rpdj4NCjxkaXY+Jm5ic3A7PC9kaXY+DQo8L2Rpdj4NCjxkaXYgZGF0YS1jZWwtd2lkZ2V0PSJhcGx1cy1tb2R1bGUtMTIiIGRhdGEtY3NhLWMtaWQ9InI3ZjVoMi1sa3hlOWwtMW9wNmp3LXZraHNjbiI+DQo8ZGl2Pg0KPGRpdj4NCjxkaXY+PGltZyBzcmM9Imh0dHBzOi8vbS5tZWRpYS1hbWF6b24uY29tL2ltYWdlcy9TL2FwbHVzLW1lZGlhLWxpYnJhcnktc2VydmljZS1tZWRpYS9hZDcyNzFmOC1mOWMzLTRlNmMtODcxOS03YTVmOTIzYzQxZTEuX19DUjAsMCw5NzAsMzAwX1BUMF9TWDk3MF9WMV9fXy5qcGciIGFsdD0iUHJvY2Vzc29yZSBzYmxvY2NhdG8gaW50ZWwgY29yZSBpNSBkaSB0cmVkaWNlc2ltYSBnZW5lcmF6aW9uZSBwZXIgc2lzdGVtaSBkZXNrdG9wIiBkYXRhLXNyYz0iaHR0cHM6Ly9tLm1lZGlhLWFtYXpvbi5jb20vaW1hZ2VzL1MvYXBsdXMtbWVkaWEtbGlicmFyeS1zZXJ2aWNlLW1lZGlhL2FkNzI3MWY4LWY5YzMtNGU2Yy04NzE5LTdhNWY5MjNjNDFlMS5fX0NSMCwwLDk3MCwzMDBfUFQwX1NYOTcwX1YxX19fLmpwZyI+PC9kaXY+DQo8L2Rpdj4NCjwvZGl2Pg0KPGRpdj4mbmJzcDs8L2Rpdj4NCjwvZGl2Pg0KPGRpdiBkYXRhLWNlbC13aWRnZXQ9ImFwbHVzLW1vZHVsZS0xMiIgZGF0YS1jc2EtYy1pZD0ibHhxY3pvLXJ4ZDhuMy1leG52ZXgtY3B1bXF2Ij4NCjxkaXY+DQo8ZGl2Pg0KPGRpdj48aW1nIHNyYz0iaHR0cHM6Ly9tLm1lZGlhLWFtYXpvbi5jb20vaW1hZ2VzL1MvYXBsdXMtbWVkaWEtbGlicmFyeS1zZXJ2aWNlLW1lZGlhLzQ3OTk1YWYyLTcxZmEtNDg2OC05YzY0LTk1Y2ZhZDY1OWE1My5fX0NSMCwwLDk3MCwzMDBfUFQwX1NYOTcwX1YxX19fLmpwZyIgYWx0PSJQcm9jZXNzb3JlIHNibG9jY2F0byBpbnRlbCBjb3JlIGk1IGRpIHRyZWRpY2VzaW1hIGdlbmVyYXppb25lIHBlciBzaXN0ZW1pIGRlc2t0b3AiIGRhdGEtc3JjPSJodHRwczovL20ubWVkaWEtYW1hem9uLmNvbS9pbWFnZXMvUy9hcGx1cy1tZWRpYS1saWJyYXJ5LXNlcnZpY2UtbWVkaWEvNDc5OTVhZjItNzFmYS00ODY4LTljNjQtOTVjZmFkNjU5YTUzLl9fQ1IwLDAsOTcwLDMwMF9QVDBfU1g5NzBfVjFfX18uanBnIj48L2Rpdj4NCjwvZGl2Pg0KPC9kaXY+DQo8L2Rpdj4NCjwvZGl2Pg=='),(41,2,3,11,'PROCESSOR INTEL CORE I713700KF','2023-07-13',600,'550',115,_binary 'PHRhYmxlIGlkPSJwcm9kdWN0RGV0YWlsc190ZWNoU3BlY19zZWN0aW9uXzEiIHJvbGU9InByZXNlbnRhdGlvbiI+DQo8dGJvZHk+DQo8dHI+DQo8dGg+TWFyY2E8L3RoPg0KPHRkPiZscm07SW50ZWw8L3RkPg0KPC90cj4NCjx0cj4NCjx0aD5Qcm9kdXR0b3JlPC90aD4NCjx0ZD4mbHJtO0ludGVsPC90ZD4NCjwvdHI+DQo8dHI+DQo8dGg+c2VyaWU8L3RoPg0KPHRkPiZscm07Qlg4MDcxNTEzNzAwS0Y8L3RkPg0KPC90cj4NCjx0cj4NCjx0aD5EaW1lbnNpb25pIHByb2RvdHRvPC90aD4NCjx0ZD4mbHJtOzIsNzkgeCAyNCw2NCB4IDE2LDUxIGNtOyA4MCBncmFtbWk8L3RkPg0KPC90cj4NCjx0cj4NCjx0aD5OdW1lcm8gbW9kZWxsbyBhcnRpY29sbzwvdGg+DQo8dGQ+JmxybTtCWDgwNzE1MTM3MDBLRjwvdGQ+DQo8L3RyPg0KPHRyPg0KPHRoPk1hcmNoaW8gcHJvY2Vzc29yZTwvdGg+DQo8dGQ+JmxybTtJbnRlbDwvdGQ+DQo8L3RyPg0KPHRyPg0KPHRoPlRpcG8gcHJvY2Vzc29yZTwvdGg+DQo8dGQ+JmxybTs1WDg2PC90ZD4NCjwvdHI+DQo8dHI+DQo8dGg+VmVsb2NpdCZhZ3JhdmU7IHByb2Nlc3NvcmU8L3RoPg0KPHRkPiZscm07My42PC90ZD4NCjwvdHI+DQo8dHI+DQo8dGg+U3VwcG9ydG8gcHJvY2Vzc29yZTwvdGg+DQo8dGQ+JmxybTtMR0EgMTcwMDwvdGQ+DQo8L3RyPg0KPHRyPg0KPHRoPk51bWVybyBwcm9jZXNzb3JpPC90aD4NCjx0ZD4mbHJtOzE2PC90ZD4NCjwvdHI+DQo8dHI+DQo8dGg+SW50ZXJmYWNjaWEgSGFyZC1EaXNrPC90aD4NCjx0ZD4mbHJtO1BDSUUgeCA4PC90ZD4NCjwvdHI+DQo8dHI+DQo8dGg+RGVzY3JpemlvbmUgc2NoZWRhIGdyYWZpY2E8L3RoPg0KPHRkPiZscm07RGVkaWNhdGVkPC90ZD4NCjwvdHI+DQo8dHI+DQo8dGg+VGlwbyBtZW1vcmlhIHNjaGVkYSBncmFmaWNhPC90aD4NCjx0ZD4mbHJtO01lbW9yaWEgNzItUGluIEVETyBTSU1NPC90ZD4NCjwvdHI+DQo8dHI+DQo8dGg+RGltZW5zaW9uaSBtZW1vcmlhIHNjaGVkYSBncmFmaWNhPC90aD4NCjx0ZD4mbHJtOzMwIE1CPC90ZD4NCjwvdHI+DQo8dHI+DQo8dGg+SW50ZXJmYWNjaWEgc2NoZWRhIGdyYWZpY2E8L3RoPg0KPHRkPiZscm07UENJLUV4cHJlc3MgeDg8L3RkPg0KPC90cj4NCjx0cj4NCjx0aD5XYXR0YWdnaW88L3RoPg0KPHRkPiZscm07MTI1IHdhdHQ8L3RkPg0KPC90cj4NCjx0cj4NCjx0aD5TaXN0ZW1hIG9wZXJhdGl2bzwvdGg+DQo8dGQ+JmxybTtJbnRlbCBDb3JlPC90ZD4NCjwvdHI+DQo8dHI+DQo8dGg+TGUgYmF0dGVyaWUgc29ubyBpbmNsdXNlPC90aD4NCjx0ZD4mbHJtO05vPC90ZD4NCjwvdHI+DQo8dHI+DQo8dGg+UGVzbyBhcnRpY29sbzwvdGg+DQo8dGQ+JmxybTs4MCBnPC90ZD4NCjwvdHI+DQo8dHI+DQo8dGg+QWdnaW9ybmFtZW50aSBzb2Z0d2FyZSBnYXJhbnRpdGkgZmlubyBhPC90aD4NCjx0ZD4mbHJtO3Njb25vc2NpdXRvPC90ZD4NCjwvdHI+DQo8L3Rib2R5Pg0KPC90YWJsZT4='),(42,2,3,11,'Intel Core i711700K processore desktop di 11a generazione','2023-07-13',600,'400',116,_binary 'PHRhYmxlIGlkPSJwcm9kdWN0RGV0YWlsc190ZWNoU3BlY19zZWN0aW9uXzEiIHJvbGU9InByZXNlbnRhdGlvbiI+DQo8dGJvZHk+DQo8dHI+DQo8dGg+TWFyY2E8L3RoPg0KPHRkPiZscm07SW50ZWw8L3RkPg0KPC90cj4NCjx0cj4NCjx0aD5Qcm9kdXR0b3JlPC90aD4NCjx0ZD4mbHJtO0ludGVsPC90ZD4NCjwvdHI+DQo8dHI+DQo8dGg+RGltZW5zaW9uaSBwcm9kb3R0bzwvdGg+DQo8dGQ+JmxybTsyMiB4IDE3IHggMTAgY207IDcwIGdyYW1taTwvdGQ+DQo8L3RyPg0KPHRyPg0KPHRoPk51bWVybyBtb2RlbGxvIGFydGljb2xvPC90aD4NCjx0ZD4mbHJtO0JYODA3MDgxMTcwMEs8L3RkPg0KPC90cj4NCjx0cj4NCjx0aD5NYXJjaGlvIHByb2Nlc3NvcmU8L3RoPg0KPHRkPiZscm07SW50ZWw8L3RkPg0KPC90cj4NCjx0cj4NCjx0aD5TdXBwb3J0byBwcm9jZXNzb3JlPC90aD4NCjx0ZD4mbHJtO0xHQSAxMjAwPC90ZD4NCjwvdHI+DQo8dHI+DQo8dGg+TnVtZXJvIHByb2Nlc3Nvcmk8L3RoPg0KPHRkPiZscm07ODwvdGQ+DQo8L3RyPg0KPHRyPg0KPHRoPldhdHRhZ2dpbzwvdGg+DQo8dGQ+JmxybTsxMjUgd2F0dDwvdGQ+DQo8L3RyPg0KPHRyPg0KPHRoPkxlIGJhdHRlcmllIHNvbm8gaW5jbHVzZTwvdGg+DQo8dGQ+JmxybTtObzwvdGQ+DQo8L3RyPg0KPHRyPg0KPHRoPlBlc28gYXJ0aWNvbG88L3RoPg0KPHRkPiZscm07NzAgZzwvdGQ+DQo8L3RyPg0KPHRyPg0KPHRoPkFnZ2lvcm5hbWVudGkgc29mdHdhcmUgZ2FyYW50aXRpIGZpbm8gYTwvdGg+DQo8dGQ+JmxybTtzY29ub3NjaXV0bzwvdGQ+DQo8L3RyPg0KPC90Ym9keT4NCjwvdGFibGU+'),(43,2,3,11,'Core i310105F di 10a generazione','2023-07-13',200,NULL,118,_binary 'PHRhYmxlIGlkPSJwcm9kdWN0RGV0YWlsc190ZWNoU3BlY19zZWN0aW9uXzEiIHJvbGU9InByZXNlbnRhdGlvbiI+DQo8dGJvZHk+DQo8dHI+DQo8dGg+TWFyY2E8L3RoPg0KPHRkPiZscm07SW50ZWw8L3RkPg0KPC90cj4NCjx0cj4NCjx0aD5Qcm9kdXR0b3JlPC90aD4NCjx0ZD4mbHJtO0ludGVsPC90ZD4NCjwvdHI+DQo8dHI+DQo8dGg+RGltZW5zaW9uaSBwcm9kb3R0bzwvdGg+DQo8dGQ+JmxybTsyMiB4IDE3IHggMTAgY207IDcwIGdyYW1taTwvdGQ+DQo8L3RyPg0KPHRyPg0KPHRoPk51bWVybyBtb2RlbGxvIGFydGljb2xvPC90aD4NCjx0ZD4mbHJtO0JYODA3MDgxMTcwMEs8L3RkPg0KPC90cj4NCjx0cj4NCjx0aD5NYXJjaGlvIHByb2Nlc3NvcmU8L3RoPg0KPHRkPiZscm07SW50ZWw8L3RkPg0KPC90cj4NCjx0cj4NCjx0aD5TdXBwb3J0byBwcm9jZXNzb3JlPC90aD4NCjx0ZD4mbHJtO0xHQSAxMjAwPC90ZD4NCjwvdHI+DQo8dHI+DQo8dGg+TnVtZXJvIHByb2Nlc3Nvcmk8L3RoPg0KPHRkPiZscm07ODwvdGQ+DQo8L3RyPg0KPHRyPg0KPHRoPldhdHRhZ2dpbzwvdGg+DQo8dGQ+JmxybTsxMjUgd2F0dDwvdGQ+DQo8L3RyPg0KPHRyPg0KPHRoPkxlIGJhdHRlcmllIHNvbm8gaW5jbHVzZTwvdGg+DQo8dGQ+JmxybTtObzwvdGQ+DQo8L3RyPg0KPHRyPg0KPHRoPlBlc28gYXJ0aWNvbG88L3RoPg0KPHRkPiZscm07NzAgZzwvdGQ+DQo8L3RyPg0KPHRyPg0KPHRoPkFnZ2lvcm5hbWVudGkgc29mdHdhcmUgZ2FyYW50aXRpIGZpbm8gYTwvdGg+DQo8dGQ+JmxybTtzY29ub3NjaXV0bzwvdGQ+DQo8L3RyPg0KPC90Ym9keT4NCjwvdGFibGU+'),(44,2,3,11,'Intel Core i310105 Processore desktop di 10a generazione','2023-07-13',150,NULL,119,_binary 'PHRhYmxlIGlkPSJwcm9kdWN0RGV0YWlsc190ZWNoU3BlY19zZWN0aW9uXzEiIHJvbGU9InByZXNlbnRhdGlvbiI+DQo8dGJvZHk+DQo8dHI+DQo8dGg+TWFyY2E8L3RoPg0KPHRkPiZscm07SW50ZWw8L3RkPg0KPC90cj4NCjx0cj4NCjx0aD5Qcm9kdXR0b3JlPC90aD4NCjx0ZD4mbHJtO0ludGVsPC90ZD4NCjwvdHI+DQo8dHI+DQo8dGg+c2VyaWU8L3RoPg0KPHRkPiZscm07Q29yZSZ0cmFkZTsgaTM8L3RkPg0KPC90cj4NCjx0cj4NCjx0aD5jb2xvcmU8L3RoPg0KPHRkPiZscm07TmVybzwvdGQ+DQo8L3RyPg0KPHRyPg0KPHRoPkRpbWVuc2lvbmkgcHJvZG90dG88L3RoPg0KPHRkPiZscm07MTUwIHggNSB4IDUgY207IDcwIGdyYW1taTwvdGQ+DQo8L3RyPg0KPHRyPg0KPHRoPlBpbGU8L3RoPg0KPHRkPiZscm07MSBBIChUaXBvIGRpIHBpbGEgbmVjZXNzYXJpYSk8L3RkPg0KPC90cj4NCjx0cj4NCjx0aD5OdW1lcm8gbW9kZWxsbyBhcnRpY29sbzwvdGg+DQo8dGQ+JmxybTtCWDgwNzAxMTAxMDU8L3RkPg0KPC90cj4NCjx0cj4NCjx0aD5NYXJjaGlvIHByb2Nlc3NvcmU8L3RoPg0KPHRkPiZscm07SW50ZWw8L3RkPg0KPC90cj4NCjx0cj4NCjx0aD5WZWxvY2l0JmFncmF2ZTsgcHJvY2Vzc29yZTwvdGg+DQo8dGQ+JmxybTs0LDQgR0h6PC90ZD4NCjwvdHI+DQo8dHI+DQo8dGg+U3VwcG9ydG8gcHJvY2Vzc29yZTwvdGg+DQo8dGQ+JmxybTtCR0EgNDM3PC90ZD4NCjwvdHI+DQo8dHI+DQo8dGg+TnVtZXJvIHByb2Nlc3Nvcmk8L3RoPg0KPHRkPiZscm07NDwvdGQ+DQo8L3RyPg0KPHRyPg0KPHRoPlRpcG9sb2dpYSBkaSBtZW1vcmlhIGNvbXB1dGVyPC90aD4NCjx0ZD4mbHJtO0REUjQgU0RSQU08L3RkPg0KPC90cj4NCjx0cj4NCjx0aD5UaXBvIHdpcmVsZXNzPC90aD4NCjx0ZD4mbHJtOzgwMi4xMWE8L3RkPg0KPC90cj4NCjx0cj4NCjx0aD5XYXR0YWdnaW88L3RoPg0KPHRkPiZscm07NjUgd2F0dDwvdGQ+DQo8L3RyPg0KPHRyPg0KPHRoPkxlIGJhdHRlcmllIHNvbm8gaW5jbHVzZTwvdGg+DQo8dGQ+JmxybTtObzwvdGQ+DQo8L3RyPg0KPHRyPg0KPHRoPkNhcGFjaXQmYWdyYXZlOyBkZWxsYSBiYXR0ZXJpYSBhbCBsaXRpbzwvdGg+DQo8dGQ+JmxybTsyLDYgVW5pdCZhZ3JhdmU7IHRlcm1pY2EgYnJpdGFubmljYTwvdGQ+DQo8L3RyPg0KPHRyPg0KPHRoPkNvbmZlemlvbmUgZGVsbGEgYmF0dGVyaWEgYWwgbGl0aW88L3RoPg0KPHRkPiZscm07QmF0dGVyaWUgY29udGVudXRlIG5lbGwnYXBwYXJlY2NoaWF0dXJhPC90ZD4NCjwvdHI+DQo8dHI+DQo8dGg+TnVtZXJvIGRlbGxlIGNlbGxlIGFnbGkgaW9uaSBkaSBsaXRpbzwvdGg+DQo8dGQ+JmxybTs3PC90ZD4NCjwvdHI+DQo8dHI+DQo8dGg+TnVtZXJvIGRlbGxlIGNlbGxlIGFpIG1ldGFsbGkgZGkgbGl0aW88L3RoPg0KPHRkPiZscm07NzwvdGQ+DQo8L3RyPg0KPHRyPg0KPHRoPlBlc28gYXJ0aWNvbG88L3RoPg0KPHRkPiZscm07NzAgZzwvdGQ+DQo8L3RyPg0KPHRyPg0KPHRoPkFnZ2lvcm5hbWVudGkgc29mdHdhcmUgZ2FyYW50aXRpIGZpbm8gYTwvdGg+DQo8dGQ+JmxybTtzY29ub3NjaXV0bzwvdGQ+DQo8L3RyPg0KPC90Ym9keT4NCjwvdGFibGU+'),(45,2,3,10,'Amd Ryzen 7 5700G 8Core','2023-07-13',200,NULL,121,_binary 'PHRhYmxlIGlkPSJwcm9kdWN0RGV0YWlsc190ZWNoU3BlY19zZWN0aW9uXzEiIHJvbGU9InByZXNlbnRhdGlvbiI+DQo8dGJvZHk+DQo8dHI+DQo8dGg+UHJvZHV0dG9yZTwvdGg+DQo8dGQ+JmxybTtBTUQgSXRhbHk8L3RkPg0KPC90cj4NCjx0cj4NCjx0aD5NYXJjYTwvdGg+DQo8dGQ+JmxybTtBTUQ8L3RkPg0KPC90cj4NCjx0cj4NCjx0aD5OdW1lcm8gbW9kZWxsbzwvdGg+DQo8dGQ+JmxybTtBTUQgUnl6ZW4gNyA1NzAwRzwvdGQ+DQo8L3RyPg0KPHRyPg0KPHRoPkNvbG9yZTwvdGg+DQo8dGQ+JmxybTtOZXJvPC90ZD4NCjwvdHI+DQo8dHI+DQo8dGg+TnVtZXJvIGRpIGFydGljb2xpPC90aD4NCjx0ZD4mbHJtOzE8L3RkPg0KPC90cj4NCjx0cj4NCjx0aD5SaWZlcmltZW50byBwcm9kdXR0b3JlPC90aD4NCjx0ZD4mbHJtOzEwMC0xMDAwMDAyNjNCT1g8L3RkPg0KPC90cj4NCjwvdGJvZHk+DQo8L3RhYmxlPg=='),(46,2,3,10,'AMD Ryzen 5 5600X processor','2023-07-13',500,NULL,123,'');
/*!40000 ALTER TABLE `products` ENABLE KEYS */;
UNLOCK TABLES;

--
-- Table structure for table `products_has_image`
--

DROP TABLE IF EXISTS `products_has_image`;
/*!40101 SET @saved_cs_client     = @@character_set_client */;
/*!50503 SET character_set_client = utf8mb4 */;
CREATE TABLE `products_has_image` (
  `products_id` int NOT NULL,
  `image_id` int NOT NULL,
  PRIMARY KEY (`products_id`,`image_id`),
  KEY `fk_products_has_image_image1_idx` (`image_id`),
  KEY `fk_products_has_image_products1_idx` (`products_id`),
  CONSTRAINT `fk_products_has_image_image1` FOREIGN KEY (`image_id`) REFERENCES `image` (`id`) ON DELETE CASCADE ON UPDATE CASCADE,
  CONSTRAINT `fk_products_has_image_products1` FOREIGN KEY (`products_id`) REFERENCES `products` (`id`) ON DELETE CASCADE ON UPDATE CASCADE
) ENGINE=InnoDB DEFAULT CHARSET=utf8mb3;
/*!40101 SET character_set_client = @saved_cs_client */;

--
-- Dumping data for table `products_has_image`
--

LOCK TABLES `products_has_image` WRITE;
/*!40000 ALTER TABLE `products_has_image` DISABLE KEYS */;
INSERT INTO `products_has_image` VALUES (14,46),(14,47),(14,48),(14,49),(15,58),(15,59),(15,60),(15,61),(16,62),(16,63),(16,64),(17,65),(17,66),(18,67),(18,68),(18,69),(19,70),(19,71),(19,72),(20,73),(21,74),(21,75),(22,76),(22,77),(22,78),(23,79),(23,80),(23,81),(24,82),(24,83),(24,84),(25,85),(25,86),(26,87),(26,88),(27,89),(27,90),(28,91),(28,92),(28,93),(29,94),(30,95),(30,96),(30,97),(31,98),(31,99),(32,100),(32,101),(33,102),(33,103),(34,104),(34,105),(35,106),(36,107),(36,108),(37,109),(37,110),(38,111),(38,112),(39,113),(41,115),(42,116),(42,117),(43,118),(44,119),(44,120),(45,121),(45,122),(46,123);
/*!40000 ALTER TABLE `products_has_image` ENABLE KEYS */;
UNLOCK TABLES;

--
-- Table structure for table `products_has_tags`
--

DROP TABLE IF EXISTS `products_has_tags`;
/*!40101 SET @saved_cs_client     = @@character_set_client */;
/*!50503 SET character_set_client = utf8mb4 */;
CREATE TABLE `products_has_tags` (
  `products_id` int NOT NULL,
  `tags_id` int NOT NULL,
  PRIMARY KEY (`products_id`,`tags_id`),
  KEY `fk_products_has_tags_tags1_idx` (`tags_id`),
  KEY `fk_products_has_tags_products1_idx` (`products_id`),
  CONSTRAINT `fk_products_has_tags_products1` FOREIGN KEY (`products_id`) REFERENCES `products` (`id`) ON DELETE CASCADE ON UPDATE CASCADE,
  CONSTRAINT `fk_products_has_tags_tags1` FOREIGN KEY (`tags_id`) REFERENCES `tags` (`id`) ON DELETE CASCADE ON UPDATE CASCADE
) ENGINE=InnoDB DEFAULT CHARSET=utf8mb3;
/*!40101 SET character_set_client = @saved_cs_client */;

--
-- Dumping data for table `products_has_tags`
--

LOCK TABLES `products_has_tags` WRITE;
/*!40000 ALTER TABLE `products_has_tags` DISABLE KEYS */;
INSERT INTO `products_has_tags` VALUES (14,1),(15,1),(17,1),(18,1),(22,1),(23,1),(14,2),(15,2),(17,2),(18,2),(22,2),(23,2),(14,3),(15,3),(21,3),(16,4),(17,4),(18,4),(19,4),(20,4),(23,4),(24,4),(25,4),(26,4),(14,5),(16,5),(17,5),(18,5),(19,5),(20,5),(22,5),(23,5),(24,5),(25,5),(26,5),(15,6),(21,6),(15,7),(19,7),(20,7),(21,7),(26,7),(14,8),(17,8),(24,8),(25,8),(16,9),(18,9),(22,9),(23,9),(27,10),(28,10),(35,10),(36,10),(37,10),(29,11),(30,11),(31,11),(32,11),(33,11),(34,11),(33,12),(35,12),(31,13),(32,13),(29,14),(30,14),(36,14),(37,14),(28,15),(34,15),(29,16),(32,16),(34,16),(36,16),(37,16),(33,17),(35,17),(43,18),(44,18),(38,19),(39,19),(41,20),(42,20),(38,21),(39,21),(41,21),(42,21),(44,21),(46,21),(38,22),(39,22),(41,22),(42,22),(43,23),(44,23),(38,24),(39,24),(43,24),(44,24),(46,24),(41,25),(42,25),(45,25),(45,26),(46,26);
/*!40000 ALTER TABLE `products_has_tags` ENABLE KEYS */;
UNLOCK TABLES;

--
-- Table structure for table `roles`
--

DROP TABLE IF EXISTS `roles`;
/*!40101 SET @saved_cs_client     = @@character_set_client */;
/*!50503 SET character_set_client = utf8mb4 */;
CREATE TABLE `roles` (
  `id` int NOT NULL AUTO_INCREMENT,
  `name` varchar(45) DEFAULT NULL,
  PRIMARY KEY (`id`)
) ENGINE=InnoDB AUTO_INCREMENT=3 DEFAULT CHARSET=utf8mb3;
/*!40101 SET character_set_client = @saved_cs_client */;

--
-- Dumping data for table `roles`
--

LOCK TABLES `roles` WRITE;
/*!40000 ALTER TABLE `roles` DISABLE KEYS */;
INSERT INTO `roles` VALUES (1,'admin'),(2,'seller');
/*!40000 ALTER TABLE `roles` ENABLE KEYS */;
UNLOCK TABLES;

--
-- Table structure for table `services`
--

DROP TABLE IF EXISTS `services`;
/*!40101 SET @saved_cs_client     = @@character_set_client */;
/*!50503 SET character_set_client = utf8mb4 */;
CREATE TABLE `services` (
  `id` int NOT NULL AUTO_INCREMENT,
  `script` varchar(100) NOT NULL,
  PRIMARY KEY (`id`)
) ENGINE=InnoDB AUTO_INCREMENT=4 DEFAULT CHARSET=utf8mb3;
/*!40101 SET character_set_client = @saved_cs_client */;

--
-- Dumping data for table `services`
--

LOCK TABLES `services` WRITE;
/*!40000 ALTER TABLE `services` DISABLE KEYS */;
INSERT INTO `services` VALUES (1,'admin.php'),(2,'sellItem.php'),(3,'manageItems.php');
/*!40000 ALTER TABLE `services` ENABLE KEYS */;
UNLOCK TABLES;

--
-- Table structure for table `services_has_roles`
--

DROP TABLE IF EXISTS `services_has_roles`;
/*!40101 SET @saved_cs_client     = @@character_set_client */;
/*!50503 SET character_set_client = utf8mb4 */;
CREATE TABLE `services_has_roles` (
  `services_id` int NOT NULL,
  `roles_id` int NOT NULL,
  PRIMARY KEY (`services_id`,`roles_id`),
  KEY `fk_services_has_roles_roles1_idx` (`roles_id`),
  KEY `fk_services_has_roles_services_idx` (`services_id`),
  CONSTRAINT `fk_services_has_roles_roles1` FOREIGN KEY (`roles_id`) REFERENCES `roles` (`id`) ON DELETE CASCADE ON UPDATE CASCADE,
  CONSTRAINT `fk_services_has_roles_services` FOREIGN KEY (`services_id`) REFERENCES `services` (`id`) ON DELETE CASCADE ON UPDATE CASCADE
) ENGINE=InnoDB DEFAULT CHARSET=utf8mb3;
/*!40101 SET character_set_client = @saved_cs_client */;

--
-- Dumping data for table `services_has_roles`
--

LOCK TABLES `services_has_roles` WRITE;
/*!40000 ALTER TABLE `services_has_roles` DISABLE KEYS */;
INSERT INTO `services_has_roles` VALUES (1,1),(2,2),(3,2);
/*!40000 ALTER TABLE `services_has_roles` ENABLE KEYS */;
UNLOCK TABLES;

--
-- Table structure for table `tags`
--

DROP TABLE IF EXISTS `tags`;
/*!40101 SET @saved_cs_client     = @@character_set_client */;
/*!50503 SET character_set_client = utf8mb4 */;
CREATE TABLE `tags` (
  `id` int NOT NULL AUTO_INCREMENT,
  `name` varchar(45) DEFAULT NULL,
  `category_id` int NOT NULL,
  PRIMARY KEY (`id`),
  KEY `fk_tags_category1_idx` (`category_id`),
  CONSTRAINT `fk_tags_category1` FOREIGN KEY (`category_id`) REFERENCES `category` (`id`)
) ENGINE=InnoDB AUTO_INCREMENT=27 DEFAULT CHARSET=utf8mb3;
/*!40101 SET character_set_client = @saved_cs_client */;

--
-- Dumping data for table `tags`
--

LOCK TABLES `tags` WRITE;
/*!40000 ALTER TABLE `tags` DISABLE KEYS */;
INSERT INTO `tags` VALUES (1,'External',1),(2,'USB 3.1',1),(3,'2.5in',1),(4,'3.5in',1),(5,'HDD',1),(6,'SSD',1),(7,'1TB',1),(8,'2TB',1),(9,'4TB',1),(10,'HDMI',2),(11,'VGA',2),(12,'4GB',2),(13,'6GB',2),(14,'8GB',2),(15,'12GB',2),(16,'GDDR6',2),(17,'GDDR5',2),(18,'i3',3),(19,'i5',3),(20,'i7',3),(21,'DDR5',3),(22,'LGA1700',3),(23,'LGA1200',3),(24,'6 core',3),(25,'8 core',3),(26,'AM4',3);
/*!40000 ALTER TABLE `tags` ENABLE KEYS */;
UNLOCK TABLES;

--
-- Table structure for table `user`
--

DROP TABLE IF EXISTS `user`;
/*!40101 SET @saved_cs_client     = @@character_set_client */;
/*!50503 SET character_set_client = utf8mb4 */;
CREATE TABLE `user` (
  `id` int NOT NULL AUTO_INCREMENT,
  `username` varchar(45) NOT NULL,
  `password` varchar(45) NOT NULL,
  PRIMARY KEY (`id`),
  UNIQUE KEY `username_UNIQUE` (`username`)
) ENGINE=InnoDB AUTO_INCREMENT=10 DEFAULT CHARSET=utf8mb3;
/*!40101 SET character_set_client = @saved_cs_client */;

--
-- Dumping data for table `user`
--

LOCK TABLES `user` WRITE;
/*!40000 ALTER TABLE `user` DISABLE KEYS */;
INSERT INTO `user` VALUES (1,'admin','admin'),(2,'seller','seller'),(3,'buyer','buyer'),(7,'username','userpass'),(9,'reg','reg');
/*!40000 ALTER TABLE `user` ENABLE KEYS */;
UNLOCK TABLES;

--
-- Table structure for table `user_has_order`
--

DROP TABLE IF EXISTS `user_has_order`;
/*!40101 SET @saved_cs_client     = @@character_set_client */;
/*!50503 SET character_set_client = utf8mb4 */;
CREATE TABLE `user_has_order` (
  `user_id` int NOT NULL,
  `order_id` int NOT NULL,
  PRIMARY KEY (`user_id`,`order_id`),
  KEY `fk_user_has_order_order1_idx` (`order_id`),
  KEY `fk_user_has_order_user1_idx` (`user_id`),
  CONSTRAINT `fk_user_has_order_order1` FOREIGN KEY (`order_id`) REFERENCES `order` (`id`) ON DELETE CASCADE ON UPDATE CASCADE,
  CONSTRAINT `fk_user_has_order_user1` FOREIGN KEY (`user_id`) REFERENCES `user` (`id`) ON DELETE CASCADE ON UPDATE CASCADE
) ENGINE=InnoDB DEFAULT CHARSET=utf8mb3;
/*!40101 SET character_set_client = @saved_cs_client */;

--
-- Dumping data for table `user_has_order`
--

LOCK TABLES `user_has_order` WRITE;
/*!40000 ALTER TABLE `user_has_order` DISABLE KEYS */;
INSERT INTO `user_has_order` VALUES (2,5),(2,10);
/*!40000 ALTER TABLE `user_has_order` ENABLE KEYS */;
UNLOCK TABLES;

--
-- Table structure for table `user_has_roles`
--

DROP TABLE IF EXISTS `user_has_roles`;
/*!40101 SET @saved_cs_client     = @@character_set_client */;
/*!50503 SET character_set_client = utf8mb4 */;
CREATE TABLE `user_has_roles` (
  `user_id` int NOT NULL,
  `roles_id` int NOT NULL,
  PRIMARY KEY (`user_id`,`roles_id`),
  KEY `fk_user_has_roles_roles1_idx` (`roles_id`),
  KEY `fk_user_has_roles_user1_idx` (`user_id`),
  CONSTRAINT `fk_user_has_roles_roles1` FOREIGN KEY (`roles_id`) REFERENCES `roles` (`id`) ON DELETE CASCADE ON UPDATE CASCADE,
  CONSTRAINT `fk_user_has_roles_user1` FOREIGN KEY (`user_id`) REFERENCES `user` (`id`) ON DELETE CASCADE ON UPDATE CASCADE
) ENGINE=InnoDB DEFAULT CHARSET=utf8mb3;
/*!40101 SET character_set_client = @saved_cs_client */;

--
-- Dumping data for table `user_has_roles`
--

LOCK TABLES `user_has_roles` WRITE;
/*!40000 ALTER TABLE `user_has_roles` DISABLE KEYS */;
INSERT INTO `user_has_roles` VALUES (1,1),(2,2);
/*!40000 ALTER TABLE `user_has_roles` ENABLE KEYS */;
UNLOCK TABLES;

--
-- Table structure for table `wishlist`
--

DROP TABLE IF EXISTS `wishlist`;
/*!40101 SET @saved_cs_client     = @@character_set_client */;
/*!50503 SET character_set_client = utf8mb4 */;
CREATE TABLE `wishlist` (
  `id` int NOT NULL AUTO_INCREMENT,
  `user_id` int NOT NULL,
  PRIMARY KEY (`id`),
  KEY `user_id_idx` (`user_id`),
  CONSTRAINT `user_id` FOREIGN KEY (`user_id`) REFERENCES `user` (`id`) ON DELETE CASCADE ON UPDATE CASCADE
) ENGINE=InnoDB AUTO_INCREMENT=2 DEFAULT CHARSET=utf8mb3;
/*!40101 SET character_set_client = @saved_cs_client */;

--
-- Dumping data for table `wishlist`
--

LOCK TABLES `wishlist` WRITE;
/*!40000 ALTER TABLE `wishlist` DISABLE KEYS */;
INSERT INTO `wishlist` VALUES (1,2);
/*!40000 ALTER TABLE `wishlist` ENABLE KEYS */;
UNLOCK TABLES;

--
-- Table structure for table `wishlist_has_products`
--

DROP TABLE IF EXISTS `wishlist_has_products`;
/*!40101 SET @saved_cs_client     = @@character_set_client */;
/*!50503 SET character_set_client = utf8mb4 */;
CREATE TABLE `wishlist_has_products` (
  `wishlist_id` int NOT NULL,
  `products_id` int NOT NULL,
  PRIMARY KEY (`wishlist_id`,`products_id`),
  KEY `fk_wishlist_has_products_products1_idx` (`products_id`),
  KEY `fk_wishlist_has_products_wishlist1_idx` (`wishlist_id`),
  CONSTRAINT `fk_wishlist_has_products_products1` FOREIGN KEY (`products_id`) REFERENCES `products` (`id`) ON DELETE CASCADE ON UPDATE CASCADE,
  CONSTRAINT `fk_wishlist_has_products_wishlist1` FOREIGN KEY (`wishlist_id`) REFERENCES `wishlist` (`id`) ON DELETE CASCADE ON UPDATE CASCADE
) ENGINE=InnoDB DEFAULT CHARSET=utf8mb3;
/*!40101 SET character_set_client = @saved_cs_client */;

--
-- Dumping data for table `wishlist_has_products`
--

LOCK TABLES `wishlist_has_products` WRITE;
/*!40000 ALTER TABLE `wishlist_has_products` DISABLE KEYS */;
/*!40000 ALTER TABLE `wishlist_has_products` ENABLE KEYS */;
UNLOCK TABLES;
/*!40103 SET TIME_ZONE=@OLD_TIME_ZONE */;

/*!40101 SET SQL_MODE=@OLD_SQL_MODE */;
/*!40014 SET FOREIGN_KEY_CHECKS=@OLD_FOREIGN_KEY_CHECKS */;
/*!40014 SET UNIQUE_CHECKS=@OLD_UNIQUE_CHECKS */;
/*!40101 SET CHARACTER_SET_CLIENT=@OLD_CHARACTER_SET_CLIENT */;
/*!40101 SET CHARACTER_SET_RESULTS=@OLD_CHARACTER_SET_RESULTS */;
/*!40101 SET COLLATION_CONNECTION=@OLD_COLLATION_CONNECTION */;
/*!40111 SET SQL_NOTES=@OLD_SQL_NOTES */;

-- Dump completed on 2023-07-13 18:44:30
